"","end_of_life","time_used_before","status","time","temp","ict_user"
"40",74,74,2,2,"4",TRUE
"42",64,63,2,75,"3A",FALSE
"46",63,63,2,10,"4",TRUE
"56",76,75,2,16,"4",TRUE
"60",70,70,2,6,"4",TRUE
"65",61,61,2,7,"4",TRUE
"67",62,61,2,55,"4",TRUE
"82",69,69,2,10,"4",TRUE
"86",74,74,2,22,"3A",FALSE
"99",57,57,2,26,"4",TRUE
"115",NA,65,1,604,"3A",FALSE
"124",72,72,2,7,"4",TRUE
"159",69,69,2,12,"4",TRUE
"165",69,68,2,33,"4",TRUE
"195",59,59,2,6,"4",TRUE
"197",78,78,2,2,"4",TRUE
"201",67,67,2,8,"4",TRUE
"211",81,81,2,4,"4",TRUE
"249",64,64,2,29,"4",TRUE
"254",73,73,2,3,"4",TRUE
"286",60,60,2,3,"4",TRUE
"289",NA,69,1,596,"2B",FALSE
"296",74,74,2,31,"4",TRUE
"340",57,55,2,65,"4",TRUE
"420",71,71,2,13,"4",TRUE
"464",52,51,2,33,"4",TRUE
"473",62,62,2,25,"4",TRUE
"476",71,71,2,9,"4",TRUE
"479",63,62,2,32,"4",TRUE
"489",55,55,2,5,"4",TRUE
"491",79,79,2,12,"4",TRUE
"506",71,69,2,94,"3A",FALSE
"519",76,76,2,6,"4",TRUE
"551",56,54,2,86,"4",TRUE
"572",63,62,2,64,"3A",FALSE
"584",53,53,2,5,"4",TRUE
"589",74,74,2,8,"4",TRUE
"594",73,72,2,41,"3A",FALSE
"599",70,69,2,10,"4",TRUE
"685",79,78,2,47,"4",TRUE
"689",78,77,2,34,"4",TRUE
"705",75,75,2,4,"4",TRUE
"724",71,71,2,4,"4",TRUE
"726",71,71,2,37,"4",TRUE
"742",69,68,2,50,"4",TRUE
"751",65,65,2,4,"2B",FALSE
"767",58,58,2,2,"4",TRUE
"781",45,43,2,85,"4",TRUE
"832",68,68,2,21,"4",TRUE
"834",NA,60,1,600,"3A",FALSE
"843",50,50,2,23,"4",TRUE
"851",56,56,2,3,"4",TRUE
"920",60,60,2,6,"4",TRUE
"924",69,69,2,10,"4",TRUE
"987",59,59,2,12,"4",TRUE
"1042",55,55,2,11,"4",TRUE
"1061",54,54,2,4,"4",TRUE
"1062",72,72,2,45,"3A",FALSE
"1127",69,68,2,69,"3A",FALSE
"1138",57,57,2,11,"2B",FALSE
"1140",NA,70,1,581,"2B",FALSE
"1141",80,71,2,441,"2B",FALSE
"1148",70,69,2,49,"4",TRUE
"1171",63,63,2,29,"4",TRUE
"1214",78,77,2,17,"4",TRUE
"1217",60,60,2,5,"4",TRUE
"1221",81,80,2,35,"4",TRUE
"1226",61,60,2,19,"4",TRUE
"1233",70,70,2,4,"4",TRUE
"1243",73,73,2,7,"4",TRUE
"1270",58,58,2,9,"4",TRUE
"1339",58,57,2,12,"4",TRUE
"1351",79,78,2,33,"3A",FALSE
"1352",47,47,2,5,"4",TRUE
"1356",70,69,2,40,"4",TRUE
"1358",77,77,2,4,"4",TRUE
"1406",66,65,2,9,"4",TRUE
"1443",85,84,2,44,"4",TRUE
"1493",84,84,2,29,"4",TRUE
"1494",54,54,2,17,"4",TRUE
"1495",80,80,2,8,"4",TRUE
"1535",81,81,2,2,"3A",FALSE
"1537",85,85,2,6,"4",TRUE
"1650",NA,69,1,582,"3A",FALSE
"1652",59,54,2,267,"3A",FALSE
"1653",70,68,2,59,"4",TRUE
"1662",70,69,2,31,"4",TRUE
"1685",66,66,2,6,"4",TRUE
"1721",81,81,2,21,"2B",FALSE
"1722",82,81,2,9,"4",TRUE
"1726",45,41,2,204,"3A",FALSE
"1738",60,60,2,38,"3A",FALSE
"1765",73,72,2,25,"3A",FALSE
"1778",80,80,2,2,"4",TRUE
"1785",64,64,2,16,"4",TRUE
"1817",71,71,2,16,"4",TRUE
"1829",58,58,2,13,"4",TRUE
"1833",79,78,2,37,"3A",FALSE
"1835",64,63,2,74,"3A",FALSE
"1840",73,72,2,58,"3A",FALSE
"1879",62,62,2,27,"4",TRUE
"1918",NA,56,1,583,"3A",FALSE
"1932",70,68,2,136,"3A",FALSE
"1934",75,75,2,9,"4",TRUE
"1978",52,52,2,4,"4",TRUE
"1989",77,77,2,22,"4",TRUE
"2027",71,70,2,55,"3A",FALSE
"2034",45,45,2,8,"4",TRUE
"2084",76,75,2,54,"3A",FALSE
"2095",71,69,2,104,"4",TRUE
"2131",77,76,2,10,"4",TRUE
"2162",55,54,2,2,"4",TRUE
"2164",67,67,2,9,"4",TRUE
"2167",78,75,2,205,"3A",FALSE
"2199",72,72,2,28,"4",TRUE
"2258",74,74,2,2,"4",TRUE
"2291",73,72,2,37,"3A",FALSE
"2294",79,78,2,56,"4",TRUE
"2299",67,67,2,2,"4",TRUE
"2305",50,49,2,42,"4",TRUE
"2332",74,73,2,17,"4",TRUE
"2368",53,53,2,10,"4",TRUE
"2380",65,64,2,18,"4",TRUE
"2387",49,49,2,19,"4",TRUE
"2403",93,85,2,440,"2B",FALSE
"2421",58,58,2,2,"3A",FALSE
"2428",53,52,2,49,"3A",FALSE
"2437",NA,72,1,595,"3A",FALSE
"2448",73,73,2,28,"4",TRUE
"2456",68,68,2,4,"2B",FALSE
"2498",75,74,2,57,"4",TRUE
"2502",64,64,2,2,"4",TRUE
"2526",48,47,2,19,"4",TRUE
"2529",57,56,2,10,"4",TRUE
"2540",76,75,2,45,"4",TRUE
"2566",58,57,2,59,"4",TRUE
"2583",82,81,2,65,"2B",FALSE
"2594",54,53,2,45,"3A",FALSE
"2612",76,75,2,33,"3A",FALSE
"2625",49,48,2,12,"4",TRUE
"2632",NA,57,1,576,"2A",FALSE
"2645",49,49,2,3,"4",TRUE
"2684",72,70,2,105,"3A",FALSE
"2718",62,60,2,88,"2A",FALSE
"2741",66,62,2,190,"3A",FALSE
"2770",66,65,2,44,"4",TRUE
"2804",67,67,2,12,"4",TRUE
"2827",81,79,2,106,"3A",FALSE
"2874",71,70,2,8,"4",TRUE
"2881",69,67,2,118,"4",TRUE
"2917",86,84,2,119,"4",TRUE
"2975",76,75,2,36,"4",TRUE
"3085",77,77,2,29,"4",TRUE
"3103",72,72,2,9,"3A",FALSE
"3191",NA,45,1,566,"2B",FALSE
"3201",63,63,2,8,"4",TRUE
"3206",61,58,2,170,"4",TRUE
"3225",68,66,2,67,"4",TRUE
"3246",63,62,2,9,"4",TRUE
"3265",82,81,2,42,"4",TRUE
"3268",87,83,2,209,"2B",FALSE
"3281",71,70,2,25,"4",TRUE
"3288",50,49,2,21,"4",TRUE
"3326",78,78,2,12,"4",TRUE
"3331",70,63,2,407,"4",TRUE
"3337",69,69,2,11,"4",TRUE
"3374",65,65,2,35,"4",TRUE
"3395",82,81,2,84,"4",TRUE
"3398",70,68,2,78,"2B",FALSE
"3425",62,60,2,85,"4",TRUE
"3463",54,53,2,25,"4",TRUE
"3470",56,55,2,57,"4",TRUE
"3479",47,47,2,39,"3A",FALSE
"3485",62,61,2,16,"4",TRUE
"3493",66,65,2,17,"4",TRUE
"3500",48,47,2,25,"4",TRUE
"3517",61,60,2,60,"4",TRUE
"3526",49,48,2,38,"4",TRUE
"3531",71,70,2,82,"4",TRUE
"3555",73,73,2,8,"3A",FALSE
"3567",82,81,2,17,"2B",FALSE
"3572",NA,75,1,575,"2A",FALSE
"3579",77,77,2,7,"4",TRUE
"3582",64,60,2,185,"3A",FALSE
"3586",58,55,2,159,"4",TRUE
"3631",87,87,2,22,"4",TRUE
"3644",75,75,2,18,"4",TRUE
"3656",93,93,2,17,"4",TRUE
"3667",58,57,2,36,"3A",FALSE
"3698",71,70,2,2,"4",TRUE
"3714",75,74,2,36,"2B",FALSE
"3722",60,59,2,54,"4",TRUE
"3728",82,82,2,11,"4",TRUE
"3751",86,83,2,152,"3A",FALSE
"3759",62,61,2,44,"4",TRUE
"3761",50,46,2,225,"4",TRUE
"3771",54,48,2,324,"4",TRUE
"3787",59,59,2,13,"4",TRUE
"3805",85,85,2,3,"4",TRUE
"3818",50,49,2,39,"4",TRUE
"3877",66,66,2,17,"4",TRUE
"3879",73,72,2,78,"3A",FALSE
"3939",56,55,2,54,"4",TRUE
"3969",72,71,2,10,"4",TRUE
"4008",68,68,2,38,"4",TRUE
"4039",76,75,2,64,"4",TRUE
"4075",73,65,2,417,"3A",FALSE
"4080",48,48,2,2,"4",TRUE
"4099",76,75,2,73,"4",TRUE
"4100",45,42,2,128,"3A",FALSE
"4104",79,79,2,7,"4",TRUE
"4113",66,64,2,86,"4",TRUE
"4122",60,60,2,13,"4",TRUE
"4168",55,54,2,58,"4",TRUE
"4181",58,58,2,6,"4",TRUE
"4234",86,85,2,20,"4",TRUE
"4276",59,58,2,37,"4",TRUE
"4320",72,71,2,62,"4",TRUE
"4337",80,80,2,15,"4",TRUE
"4361",73,71,2,117,"3A",FALSE
"4362",87,87,2,3,"4",TRUE
"4366",64,64,2,28,"4",TRUE
"4389",63,63,2,3,"2B",FALSE
"4390",NA,62,1,604,"2B",FALSE
"4401",72,72,2,6,"4",TRUE
"4427",60,59,2,18,"4",TRUE
"4473",56,53,2,138,"4",TRUE
"4570",NA,70,1,579,"2A",FALSE
"4606",64,64,2,18,"4",TRUE
"4611",70,70,2,7,"4",TRUE
"4626",72,72,2,5,"4",TRUE
"4641",73,72,2,35,"4",TRUE
"4710",74,73,2,63,"2B",FALSE
"4718",73,72,2,26,"4",TRUE
"4766",67,66,2,7,"4",TRUE
"4771",73,72,2,28,"4",TRUE
"4772",77,77,2,3,"4",TRUE
"4788",59,58,2,24,"3A",FALSE
"4796",46,40,2,320,"4",TRUE
"4834",54,54,2,14,"4",TRUE
"4836",51,51,2,7,"4",TRUE
"4886",80,78,2,68,"2A",FALSE
"4914",87,86,2,52,"3A",FALSE
"4916",62,61,2,102,"4",TRUE
"4917",76,76,2,14,"4",TRUE
"4954",85,84,2,50,"3A",FALSE
"4965",86,86,2,13,"4",TRUE
"4966",73,71,2,130,"3A",FALSE
"4998",75,67,2,452,"2A",FALSE
"5016",NA,50,1,552,"2B",FALSE
"5072",59,58,2,26,"4",TRUE
"5098",59,59,2,14,"4",TRUE
"5101",55,54,2,20,"2B",FALSE
"5102",59,58,2,42,"3A",FALSE
"5123",68,68,2,10,"4",TRUE
"5141",54,53,2,31,"4",TRUE
"5188",70,64,2,335,"3A",FALSE
"5205",72,72,2,2,"4",TRUE
"5208",57,54,2,135,"3A",FALSE
"5217",NA,61,1,533,"3A",FALSE
"5226",85,84,2,14,"4",TRUE
"5240",77,77,2,0,"4",TRUE
"5270",56,56,2,20,"4",TRUE
"5283",64,64,2,20,"4",TRUE
"5310",62,61,2,18,"4",TRUE
"5311",63,61,2,144,"3A",FALSE
"5317",59,58,2,48,"4",TRUE
"5325",59,59,2,3,"4",TRUE
"5327",69,67,2,114,"4",TRUE
"5343",70,69,2,40,"3A",FALSE
"5354",NA,57,1,519,"2A",FALSE
"5367",64,61,2,155,"2B",FALSE
"5368",80,71,2,460,"2A",FALSE
"5385",NA,59,1,516,"3A",FALSE
"5400",79,79,2,11,"4",TRUE
"5417",76,76,2,2,"4",TRUE
"5461",70,69,2,48,"4",TRUE
"5515",76,75,2,77,"4",TRUE
"5543",88,87,2,33,"4",TRUE
"5568",80,79,2,5,"4",TRUE
"5572",79,78,2,52,"4",TRUE
"5614",67,67,2,33,"4",TRUE
"5622",64,64,2,11,"4",TRUE
"5624",64,64,2,11,"4",TRUE
"5642",57,57,2,2,"3A",FALSE
"5652",55,51,2,202,"4",TRUE
"5655",47,46,2,61,"3A",FALSE
"5744",72,72,2,40,"4",TRUE
"5769",70,70,2,13,"3A",FALSE
"5810",55,55,2,29,"4",TRUE
"5837",61,61,2,10,"4",TRUE
"5843",84,83,2,70,"4",TRUE
"5850",80,80,2,1,"4",TRUE
"5862",77,76,2,28,"3A",FALSE
"5873",78,78,2,10,"4",TRUE
"5875",63,62,2,36,"4",TRUE
"5915",85,85,2,19,"4",TRUE
"5952",64,64,2,28,"4",TRUE
"5996",76,76,2,4,"4",TRUE
"6045",71,71,2,15,"4",TRUE
"6053",67,66,2,24,"3A",FALSE
"6078",NA,49,1,528,"2A",FALSE
"6139",52,52,2,8,"4",TRUE
"6156",55,55,2,11,"4",TRUE
"6213",58,57,2,42,"4",TRUE
"6214",50,50,2,0,"4",TRUE
"6226",75,74,2,38,"4",TRUE
"6232",59,59,2,45,"4",TRUE
"6268",61,58,2,126,"4",TRUE
"6270",66,64,2,90,"3A",FALSE
"6271",74,67,2,335,"2B",FALSE
"6278",61,60,2,23,"4",TRUE
"6300",60,60,2,8,"4",TRUE
"6363",86,85,2,36,"3A",FALSE
"6385",77,76,2,43,"4",TRUE
"6421",76,74,2,79,"3A",FALSE
"6486",70,69,2,37,"4",TRUE
"6504",74,73,2,28,"3A",FALSE
"6524",73,73,2,14,"4",TRUE
"6618",57,56,2,56,"3A",FALSE
"6622",82,81,2,38,"4",TRUE
"6667",61,61,2,1,"4",TRUE
"6688",76,73,2,133,"2B",FALSE
"6717",71,70,2,54,"3A",FALSE
"6719",60,59,2,24,"4",TRUE
"6759",59,58,2,13,"4",TRUE
"6789",56,55,2,42,"2B",FALSE
"6836",54,54,2,9,"4",TRUE
"6842",69,69,2,6,"4",TRUE
"6869",75,75,2,3,"4",TRUE
"6898",68,68,2,3,"4",TRUE
"6912",80,80,2,6,"4",TRUE
"6986",62,61,2,50,"4",TRUE
"6988",58,57,2,56,"4",TRUE
"6998",78,78,2,11,"3A",FALSE
"7028",50,50,2,9,"4",TRUE
"7038",85,85,2,14,"4",TRUE
"7068",73,73,2,5,"4",TRUE
"7082",58,58,2,6,"4",TRUE
"7083",58,57,2,67,"3A",FALSE
"7101",68,67,2,34,"4",TRUE
"7136",62,62,2,17,"4",TRUE
"7191",84,83,2,65,"2B",FALSE
"7192",66,65,2,34,"4",TRUE
"7248",68,66,2,108,"2B",FALSE
"7319",NA,70,1,552,"2B",FALSE
"7328",78,72,2,311,"4",TRUE
"7337",47,46,2,29,"4",TRUE
"7371",84,84,2,1,"4",TRUE
"7376",59,50,2,462,"3A",FALSE
"7381",76,73,2,151,"3A",FALSE
"7390",81,79,2,99,"3A",FALSE
"7432",54,53,2,40,"4",TRUE
"7450",49,48,2,18,"4",TRUE
"7470",64,63,2,46,"2B",FALSE
"7493",72,72,2,19,"3A",FALSE
"7501",72,72,2,6,"4",TRUE
"7512",66,65,2,43,"3A",FALSE
"7520",84,84,2,36,"3A",FALSE
"7525",87,86,2,16,"3A",FALSE
"7540",70,68,2,120,"3A",FALSE
"7549",74,74,2,8,"4",TRUE
"7589",57,57,2,14,"4",TRUE
"7643",66,66,2,3,"4",TRUE
"7673",76,75,2,6,"4",TRUE
"7729",61,61,2,36,"3A",FALSE
"7772",87,86,2,67,"4",TRUE
"7827",53,53,2,28,"4",TRUE
"7839",50,49,2,48,"4",TRUE
"7856",75,75,2,10,"4",TRUE
"7880",69,69,2,4,"4",TRUE
"7899",44,44,2,16,"4",TRUE
"7938",56,56,2,13,"4",TRUE
"7940",69,66,2,161,"2B",FALSE
"7941",68,64,2,235,"3A",FALSE
"7967",65,65,2,6,"4",TRUE
"7975",76,76,2,3,"4",TRUE
"8002",75,75,2,2,"4",TRUE
"8004",66,65,2,64,"4",TRUE
"8009",NA,69,1,524,"4",TRUE
"8016",77,76,2,58,"4",TRUE
"8031",72,71,2,40,"4",TRUE
"8033",75,74,2,27,"4",TRUE
"8037",74,74,2,1,"4",TRUE
"8064",71,70,2,79,"4",TRUE
"8078",62,62,2,6,"4",TRUE
"8117",82,82,2,33,"4",TRUE
"8123",73,73,2,8,"4",TRUE
"8136",76,76,2,4,"4",TRUE
"8192",68,67,2,53,"4",TRUE
"8197",72,72,2,4,"4",TRUE
"8213",84,84,2,7,"3A",FALSE
"8216",78,75,2,186,"3A",FALSE
"8231",80,80,2,3,"4",TRUE
"8237",61,61,2,3,"4",TRUE
"8244",78,78,2,9,"3A",FALSE
"8311",72,72,2,8,"4",TRUE
"8312",77,77,2,25,"2B",FALSE
"8318",69,69,2,2,"4",TRUE
"8337",62,62,2,26,"4",TRUE
"8348",59,59,2,3,"4",TRUE
"8357",43,43,2,35,"4",TRUE
"8358",74,72,2,81,"3A",FALSE
"8419",79,78,2,70,"4",TRUE
"8472",58,58,2,3,"4",TRUE
"8493",NA,60,1,509,"3A",FALSE
"8503",89,88,2,21,"3A",FALSE
"8511",71,69,2,74,"4",TRUE
"8521",87,86,2,45,"3A",FALSE
"8549",76,75,2,50,"4",TRUE
"8565",69,69,2,4,"4",TRUE
"8619",81,75,2,317,"3A",FALSE
"8666",54,53,2,35,"4",TRUE
"8668",54,54,2,4,"4",TRUE
"8684",79,78,2,32,"4",TRUE
"8723",77,76,2,66,"4",TRUE
"8744",NA,52,1,523,"2B",FALSE
"8745",71,70,2,15,"2B",FALSE
"8768",76,76,2,22,"4",TRUE
"8770",61,61,2,22,"4",TRUE
"8784",64,64,2,10,"4",TRUE
"8804",59,59,2,33,"3A",FALSE
"8904",73,71,2,76,"4",TRUE
"8915",58,58,2,26,"4",TRUE
"8931",78,78,2,15,"4",TRUE
"8942",80,80,2,3,"4",TRUE
"8967",64,61,2,136,"3A",FALSE
"8975",74,74,2,10,"2B",FALSE
"8987",65,62,2,145,"3A",FALSE
"9016",83,83,2,9,"4",TRUE
"9022",68,68,2,21,"4",TRUE
"9023",70,70,2,17,"4",TRUE
"9029",64,62,2,68,"4",TRUE
"9039",76,75,2,33,"4",TRUE
"9097",84,83,2,57,"4",TRUE
"9104",85,85,2,26,"3A",FALSE
"9114",52,50,2,115,"3A",FALSE
"9128",NA,42,1,509,"3A",FALSE
"9159",87,87,2,4,"4",TRUE
"9193",NA,53,1,541,"2B",FALSE
"9198",65,65,2,5,"4",TRUE
"9227",64,62,2,115,"4",TRUE
"9235",64,64,2,5,"4",TRUE
"9255",74,74,2,12,"3A",FALSE
"9256",59,58,2,26,"4",TRUE
"9257",61,61,2,3,"4",TRUE
"9266",66,65,2,55,"3A",FALSE
"9275",65,65,2,11,"4",TRUE
"9281",51,51,2,18,"4",TRUE
"9288",77,77,2,12,"4",TRUE
"9292",59,57,2,87,"2B",FALSE
"9334",NA,73,1,516,"3A",FALSE
"9363",72,71,2,42,"4",TRUE
"9391",55,54,2,92,"4",TRUE
"9396",76,71,2,225,"3A",FALSE
"9400",51,50,2,14,"4",TRUE
"9401",56,55,2,89,"3A",FALSE
"9412",63,59,2,175,"4",TRUE
"9413",64,62,2,67,"4",TRUE
"9439",66,59,2,387,"3A",FALSE
"9442",86,84,2,82,"2B",FALSE
"9487",84,84,2,31,"4",TRUE
"9509",64,64,2,4,"4",TRUE
"9564",59,59,2,42,"4",TRUE
"9569",57,57,2,8,"4",TRUE
"9597",83,83,2,18,"4",TRUE
"9639",78,76,2,112,"3A",FALSE
"9649",78,77,2,65,"4",TRUE
"9663",72,71,2,31,"3A",FALSE
"9667",70,70,2,3,"4",TRUE
"9684",81,81,2,2,"4",TRUE
"9719",54,53,2,56,"4",TRUE
"9759",61,61,2,1,"4",TRUE
"9788",78,78,2,15,"4",TRUE
"9795",70,60,2,481,"2B",FALSE
"9805",56,55,2,23,"4",TRUE
"9842",62,59,2,158,"3A",FALSE
"9856",77,77,2,0,"3A",FALSE
"9874",61,61,2,2,"4",TRUE
"9893",49,49,2,1,"4",TRUE
"9899",68,66,2,122,"2A",FALSE
"9906",80,77,2,171,"2A",FALSE
"9908",80,72,2,394,"3A",FALSE
"9913",60,59,2,66,"3A",FALSE
"9917",80,78,2,74,"4",TRUE
"9946",85,82,2,110,"3A",FALSE
"9948",82,80,2,110,"3A",FALSE
"9985",78,77,2,44,"4",TRUE
"9994",62,61,2,36,"3A",FALSE
"10006",68,66,2,88,"4",TRUE
"10008",74,73,2,70,"3A",FALSE
"10009",66,65,2,54,"4",TRUE
"10039",76,73,2,126,"3A",FALSE
"10051",60,59,2,84,"4",TRUE
"10061",72,72,2,4,"4",TRUE
"10062",66,64,2,125,"4",TRUE
"10076",79,75,2,221,"3A",FALSE
"10079",51,50,2,36,"4",TRUE
"10084",84,84,2,22,"3A",FALSE
"10100",65,64,2,48,"4",TRUE
"10107",87,87,2,11,"4",TRUE
"10110",86,86,2,0,"4",TRUE
"10147",75,74,2,55,"4",TRUE
"10165",72,71,2,48,"4",TRUE
"10172",67,66,2,40,"4",TRUE
"10182",62,61,2,61,"4",TRUE
"10213",50,50,2,1,"4",TRUE
"10225",73,71,2,107,"3A",FALSE
"10229",55,53,2,104,"3A",FALSE
"10235",76,75,2,9,"4",TRUE
"10281",70,68,2,81,"2A",FALSE
"10296",80,79,2,44,"4",TRUE
"10434",47,47,2,28,"4",TRUE
"10441",63,63,2,26,"3A",FALSE
"10446",69,68,2,76,"2B",FALSE
"10449",63,62,2,24,"4",TRUE
"10478",64,63,2,41,"4",TRUE
"10485",82,82,2,1,"4",TRUE
"10504",73,73,2,2,"4",TRUE
"10519",61,60,2,52,"4",TRUE
"10530",83,82,2,35,"3A",FALSE
"10531",71,67,2,190,"4",TRUE
"10534",53,53,2,7,"4",TRUE
"10574",79,78,2,12,"4",TRUE
"10590",69,68,2,32,"4",TRUE
"10591",56,52,2,198,"2A",FALSE
"10615",77,77,2,5,"4",TRUE
"10673",67,67,2,10,"4",TRUE
"10677",84,83,2,11,"4",TRUE
"10679",69,69,2,16,"4",TRUE
"10730",61,61,2,14,"4",TRUE
"10740",76,76,2,15,"3A",FALSE
"10780",66,66,2,27,"4",TRUE
"10801",67,67,2,13,"4",TRUE
"10838",NA,66,1,502,"4",TRUE
"10840",80,76,2,222,"3A",FALSE
"10867",54,53,2,31,"4",TRUE
"10921",64,64,2,12,"4",TRUE
"10981",69,69,2,11,"4",TRUE
"11008",50,50,2,31,"4",TRUE
"11021",63,62,2,60,"4",TRUE
"11026",47,46,2,37,"4",TRUE
"11048",51,51,2,22,"4",TRUE
"11098",66,65,2,11,"4",TRUE
"11103",48,47,2,27,"3A",FALSE
"11106",78,78,2,1,"4",TRUE
"11138",59,59,2,4,"3A",FALSE
"11140",60,59,2,25,"4",TRUE
"11144",64,64,2,21,"4",TRUE
"11185",54,54,2,6,"4",TRUE
"11215",60,56,2,209,"3A",FALSE
"11217",72,69,2,174,"3A",FALSE
"11247",65,65,2,24,"4",TRUE
"11248",79,77,2,104,"4",TRUE
"11351",54,54,2,34,"4",TRUE
"11364",66,66,2,31,"2B",FALSE
"11374",76,76,2,2,"4",TRUE
"11434",57,57,2,4,"4",TRUE
"11456",68,67,2,56,"3A",FALSE
"11472",63,63,2,1,"4",TRUE
"11479",73,72,2,34,"4",TRUE
"11519",67,59,2,424,"3A",FALSE
"11528",76,76,2,13,"4",TRUE
"11530",78,78,2,14,"4",TRUE
"11539",56,56,2,9,"4",TRUE
"11563",53,53,2,6,"4",TRUE
"11567",84,83,2,25,"4",TRUE
"11568",80,78,2,109,"4",TRUE
"11571",84,84,2,7,"4",TRUE
"11579",61,61,2,7,"4",TRUE
"11582",76,76,2,20,"2B",FALSE
"11605",57,56,2,29,"3A",FALSE
"11622",57,57,2,5,"4",TRUE
"11644",70,62,2,415,"3A",FALSE
"11673",86,86,2,2,"4",TRUE
"11680",71,70,2,39,"3A",FALSE
"11700",72,72,2,26,"4",TRUE
"11748",74,73,2,46,"4",TRUE
"11813",76,75,2,10,"4",TRUE
"11819",50,50,2,10,"4",TRUE
"11823",67,67,2,31,"4",TRUE
"11827",77,77,2,6,"4",TRUE
"11829",56,55,2,77,"4",TRUE
"11835",60,60,2,5,"4",TRUE
"11853",71,70,2,9,"4",TRUE
"11855",76,76,2,11,"4",TRUE
"11858",90,90,2,1,"3A",FALSE
"11902",69,69,2,4,"4",TRUE
"11941",42,42,2,34,"4",TRUE
"11956",60,58,2,81,"3A",FALSE
"11959",72,72,2,8,"3A",FALSE
"11990",69,69,2,2,"4",TRUE
"12022",69,69,2,10,"4",TRUE
"12031",77,75,2,124,"3A",FALSE
"12038",47,46,2,38,"4",TRUE
"12076",46,46,2,27,"4",TRUE
"12088",61,61,2,0,"4",TRUE
"12112",77,77,2,20,"3A",FALSE
"12130",71,71,2,9,"3A",FALSE
"12134",73,72,2,62,"4",TRUE
"12145",72,71,2,45,"4",TRUE
"12179",50,49,2,40,"4",TRUE
"12191",75,74,2,23,"2B",FALSE
"12206",77,76,2,24,"4",TRUE
"12213",75,75,2,4,"4",TRUE
"12214",84,80,2,181,"4",TRUE
"12218",79,79,2,7,"4",TRUE
"12224",76,75,2,62,"4",TRUE
"12230",63,62,2,62,"4",TRUE
"12239",71,69,2,113,"4",TRUE
"12246",77,75,2,106,"4",TRUE
"12274",76,75,2,12,"4",TRUE
"12280",64,64,2,36,"4",TRUE
"12302",66,65,2,69,"4",TRUE
"12343",59,58,2,26,"4",TRUE
"12359",56,55,2,44,"4",TRUE
"12370",72,72,2,4,"4",TRUE
"12372",81,78,2,131,"4",TRUE
"12375",54,53,2,9,"4",TRUE
"12392",NA,70,1,483,"2B",FALSE
"12409",71,70,2,15,"4",TRUE
"12418",65,58,2,384,"2B",FALSE
"12434",54,54,2,37,"4",TRUE
"12456",59,58,2,52,"4",TRUE
"12471",78,78,2,18,"2B",FALSE
"12479",57,56,2,42,"4",TRUE
"12497",58,58,2,1,"4",TRUE
"12500",83,75,2,431,"2B",FALSE
"12519",48,48,2,9,"4",TRUE
"12586",66,65,2,37,"3A",FALSE
"12599",66,64,2,74,"3A",FALSE
"12603",66,66,2,9,"4",TRUE
"12638",54,54,2,10,"4",TRUE
"12657",65,64,2,13,"4",TRUE
"12710",56,56,2,16,"4",TRUE
"12731",78,77,2,47,"4",TRUE
"12740",86,86,2,4,"4",TRUE
"12751",76,76,2,2,"4",TRUE
"12753",71,71,2,9,"4",TRUE
"12758",46,46,2,6,"4",TRUE
"12776",77,75,2,69,"4",TRUE
"12785",77,77,2,23,"4",TRUE
"12804",56,55,2,28,"4",TRUE
"12808",73,73,2,1,"4",TRUE
"12844",58,57,2,58,"4",TRUE
"12859",63,62,2,12,"4",TRUE
"12860",61,61,2,2,"4",TRUE
"12897",76,73,2,146,"3A",FALSE
"12902",64,63,2,36,"4",TRUE
"12927",50,49,2,34,"4",TRUE
"12959",41,38,2,178,"4",TRUE
"13029",60,60,2,0,"4",TRUE
"13043",49,47,2,110,"2B",FALSE
"13047",78,78,2,22,"4",TRUE
"13077",69,65,2,178,"3A",FALSE
"13113",72,71,2,24,"4",TRUE
"13130",68,67,2,49,"4",TRUE
"13152",74,69,2,243,"3A",FALSE
"13169",NA,52,1,472,"2B",FALSE
"13179",78,76,2,117,"4",TRUE
"13204",67,67,2,24,"4",TRUE
"13226",66,65,2,32,"3A",FALSE
"13254",59,58,2,18,"4",TRUE
"13282",64,62,2,105,"4",TRUE
"13290",72,71,2,45,"3A",FALSE
"13304",82,81,2,21,"4",TRUE
"13315",90,89,2,3,"4",TRUE
"13329",67,67,2,22,"4",TRUE
"13358",73,72,2,35,"4",TRUE
"13360",62,60,2,87,"4",TRUE
"13386",53,53,2,30,"4",TRUE
"13389",53,52,2,52,"4",TRUE
"13400",70,70,2,8,"4",TRUE
"13412",69,69,2,13,"4",TRUE
"13421",78,77,2,18,"4",TRUE
"13423",72,72,2,5,"4",TRUE
"13488",72,72,2,13,"2B",FALSE
"13501",56,55,2,58,"3A",FALSE
"13504",58,57,2,51,"4",TRUE
"13556",66,66,2,20,"4",TRUE
"13587",80,77,2,166,"4",TRUE
"13600",84,79,2,288,"2B",FALSE
"13607",52,51,2,41,"4",TRUE
"13610",75,74,2,60,"4",TRUE
"13612",61,56,2,253,"4",TRUE
"13658",72,71,2,41,"4",TRUE
"13670",79,78,2,14,"4",TRUE
"13671",54,51,2,140,"4",TRUE
"13673",86,86,2,2,"4",TRUE
"13676",55,55,2,28,"4",TRUE
"13732",79,78,2,35,"4",TRUE
"13764",67,67,2,8,"4",TRUE
"13772",70,70,2,15,"4",TRUE
"13779",57,56,2,16,"4",TRUE
"13786",85,85,2,7,"3A",FALSE
"13792",67,66,2,38,"3A",FALSE
"13793",66,65,2,54,"4",TRUE
"13798",76,76,2,12,"4",TRUE
"13804",51,50,2,25,"4",TRUE
"13816",74,74,2,2,"4",TRUE
"13823",61,60,2,46,"3A",FALSE
"13826",58,56,2,79,"3A",FALSE
"13837",69,68,2,40,"4",TRUE
"13848",61,61,2,8,"4",TRUE
"13890",85,85,2,17,"4",TRUE
"13907",71,69,2,133,"4",TRUE
"13918",NA,61,1,462,"2A",FALSE
"13948",75,73,2,111,"4",TRUE
"13949",84,84,2,2,"4",TRUE
"13977",73,72,2,11,"4",TRUE
"14025",63,62,2,47,"4",TRUE
"14032",54,50,2,236,"4",TRUE
"14035",47,46,2,39,"4",TRUE
"14057",66,65,2,12,"4",TRUE
"14060",64,62,2,120,"3A",FALSE
"14096",55,55,2,2,"4",TRUE
"14133",63,63,2,3,"4",TRUE
"14142",84,84,2,10,"4",TRUE
"14154",74,74,2,22,"4",TRUE
"14187",58,58,2,5,"4",TRUE
"14188",79,79,2,11,"3A",FALSE
"14224",80,80,2,14,"4",TRUE
"14250",82,80,2,72,"4",TRUE
"14273",58,55,2,145,"3A",FALSE
"14316",59,59,2,1,"4",TRUE
"14333",62,61,2,20,"3A",FALSE
"14368",66,66,2,3,"4",TRUE
"14380",52,52,2,19,"4",TRUE
"14386",62,61,2,9,"4",TRUE
"14395",70,69,2,25,"4",TRUE
"14400",74,74,2,13,"4",TRUE
"14462",69,65,2,175,"3A",FALSE
"14495",62,62,2,4,"4",TRUE
"14529",57,57,2,15,"4",TRUE
"14618",48,47,2,46,"4",TRUE
"14631",76,76,2,1,"4",TRUE
"14637",76,76,2,8,"4",TRUE
"14644",64,63,2,32,"4",TRUE
"14647",59,58,2,60,"4",TRUE
"14655",63,62,2,33,"4",TRUE
"14682",58,57,2,50,"4",TRUE
"14683",74,72,2,128,"3A",FALSE
"14732",64,63,2,85,"3A",FALSE
"14761",48,46,2,101,"4",TRUE
"14781",79,76,2,117,"3A",FALSE
"14807",78,78,2,13,"3A",FALSE
"14828",69,68,2,32,"4",TRUE
"14845",81,81,2,7,"4",TRUE
"14851",80,79,2,67,"4",TRUE
"14852",79,74,2,244,"4",TRUE
"14879",NA,48,1,454,"2B",FALSE
"14887",65,65,2,5,"4",TRUE
"14911",54,54,2,11,"4",TRUE
"14917",52,49,2,152,"4",TRUE
"14968",58,57,2,84,"3A",FALSE
"14975",65,65,2,5,"4",TRUE
"14994",69,69,2,24,"4",TRUE
"14998",59,57,2,76,"4",TRUE
"15020",47,47,2,23,"4",TRUE
"15048",49,49,2,27,"4",TRUE
"15076",NA,71,1,471,"4",TRUE
"15094",59,59,2,25,"4",TRUE
"15120",84,82,2,93,"3A",FALSE
"15130",75,74,2,47,"4",TRUE
"15132",42,42,2,11,"4",TRUE
"15134",55,55,2,3,"3A",FALSE
"15149",63,62,2,31,"3A",FALSE
"15196",66,65,2,55,"4",TRUE
"15265",77,77,2,5,"4",TRUE
"15285",66,65,2,17,"4",TRUE
"15312",80,79,2,20,"4",TRUE
"15327",78,77,2,27,"4",TRUE
"15345",69,69,2,8,"4",TRUE
"15367",79,79,2,8,"4",TRUE
"15370",80,79,2,55,"3A",FALSE
"15383",77,77,2,9,"3A",FALSE
"15452",61,59,2,114,"2A",FALSE
"15453",61,60,2,52,"3A",FALSE
"15484",76,76,2,3,"4",TRUE
"15490",NA,54,1,446,"2B",FALSE
"15504",62,61,2,26,"4",TRUE
"15522",65,65,2,4,"4",TRUE
"15529",80,79,2,55,"4",TRUE
"15551",77,75,2,96,"2B",FALSE
"15555",82,82,2,14,"4",TRUE
"15560",83,83,2,1,"4",TRUE
"15564",81,80,2,36,"4",TRUE
"15599",82,81,2,70,"3A",FALSE
"15603",82,80,2,113,"4",TRUE
"15614",77,77,2,28,"3A",FALSE
"15631",67,66,2,46,"4",TRUE
"15657",72,71,2,59,"4",TRUE
"15662",72,71,2,10,"4",TRUE
"15683",84,84,2,2,"4",TRUE
"15713",63,62,2,71,"3A",FALSE
"15731",76,76,2,0,"4",TRUE
"15735",71,71,2,3,"4",TRUE
"15752",60,60,2,24,"4",TRUE
"15757",85,84,2,10,"4",TRUE
"15782",79,79,2,0,"4",TRUE
"15806",85,85,2,20,"4",TRUE
"15858",73,73,2,11,"4",TRUE
"15862",73,73,2,14,"3A",FALSE
"15875",66,66,2,20,"3A",FALSE
"15894",58,58,2,3,"4",TRUE
"15898",78,77,2,17,"4",TRUE
"15929",81,80,2,50,"4",TRUE
"15943",56,56,2,13,"2B",FALSE
"15972",79,79,2,12,"4",TRUE
"16018",72,71,2,62,"4",TRUE
"16036",72,71,2,31,"2A",FALSE
"16072",56,56,2,6,"4",TRUE
"16089",NA,64,1,450,"4",TRUE
"16096",56,56,2,8,"4",TRUE
"16155",79,78,2,46,"4",TRUE
"16160",72,69,2,152,"3A",FALSE
"16227",78,78,2,3,"4",TRUE
"16240",72,72,2,43,"4",TRUE
"16266",71,71,2,2,"4",TRUE
"16284",61,61,2,10,"4",TRUE
"16303",88,87,2,7,"4",TRUE
"16315",83,82,2,52,"4",TRUE
"16390",65,64,2,35,"4",TRUE
"16398",65,64,2,60,"4",TRUE
"16401",79,78,2,27,"2B",FALSE
"16431",69,69,2,3,"4",TRUE
"16445",71,71,2,7,"4",TRUE
"16476",53,53,2,9,"4",TRUE
"16485",76,75,2,24,"4",TRUE
"16532",74,73,2,52,"4",TRUE
"16557",74,73,2,32,"4",TRUE
"16568",62,62,2,12,"4",TRUE
"16587",54,54,2,17,"4",TRUE
"16589",83,82,2,66,"4",TRUE
"16598",46,46,2,12,"4",TRUE
"16607",69,69,2,2,"4",TRUE
"16626",79,78,2,45,"4",TRUE
"16654",53,53,2,11,"4",TRUE
"16685",80,79,2,72,"3A",FALSE
"16696",74,70,2,180,"4",TRUE
"16714",58,58,2,12,"4",TRUE
"16720",76,71,2,292,"3A",FALSE
"16721",85,82,2,127,"4",TRUE
"16755",58,56,2,133,"3A",FALSE
"16767",71,69,2,95,"4",TRUE
"16859",81,81,2,2,"4",TRUE
"16899",59,58,2,25,"4",TRUE
"16902",69,69,2,8,"4",TRUE
"16903",NA,62,1,439,"3A",FALSE
"16905",64,64,2,2,"4",TRUE
"16910",59,57,2,76,"4",TRUE
"16923",51,50,2,54,"4",TRUE
"16998",46,45,2,14,"4",TRUE
"17036",56,56,2,30,"4",TRUE
"17072",77,76,2,43,"4",TRUE
"17123",62,61,2,42,"4",TRUE
"17138",54,52,2,83,"4",TRUE
"17159",61,61,2,6,"4",TRUE
"17190",58,57,2,55,"4",TRUE
"17217",40,40,2,15,"4",TRUE
"17226",74,74,2,8,"4",TRUE
"17231",69,69,2,25,"4",TRUE
"17322",54,51,2,140,"4",TRUE
"17352",57,57,2,2,"4",TRUE
"17363",61,60,2,40,"4",TRUE
"17382",59,58,2,34,"4",TRUE
"17386",69,69,2,6,"4",TRUE
"17388",59,59,2,13,"4",TRUE
"17391",79,79,2,11,"4",TRUE
"17397",71,71,2,13,"4",TRUE
"17399",75,75,2,2,"4",TRUE
"17424",62,62,2,7,"4",TRUE
"17440",68,68,2,4,"4",TRUE
"17441",76,75,2,53,"2B",FALSE
"17445",86,86,2,3,"4",TRUE
"17464",86,84,2,118,"3A",FALSE
"17475",80,74,2,293,"4",TRUE
"17502",NA,61,1,432,"2B",FALSE
"17509",50,50,2,26,"4",TRUE
"17536",61,61,2,39,"4",TRUE
"17545",65,65,2,9,"4",TRUE
"17549",58,57,2,65,"4",TRUE
"17583",68,68,2,8,"4",TRUE
"17596",76,75,2,59,"3A",FALSE
"17625",84,84,2,5,"4",TRUE
"17682",67,66,2,45,"4",TRUE
"17693",64,58,2,344,"3A",FALSE
"17706",80,78,2,108,"2B",FALSE
"17714",NA,65,1,438,"2B",FALSE
"17738",62,61,2,56,"4",TRUE
"17746",59,58,2,40,"4",TRUE
"17780",60,59,2,30,"4",TRUE
"17798",64,63,2,40,"4",TRUE
"17817",56,53,2,132,"3A",FALSE
"17822",46,46,2,30,"4",TRUE
"17824",76,72,2,189,"3A",FALSE
"17849",78,76,2,70,"3A",FALSE
"17868",63,62,2,20,"4",TRUE
"17869",66,65,2,96,"4",TRUE
"17881",68,68,2,28,"4",TRUE
"17938",NA,58,1,437,"2B",FALSE
"17973",56,55,2,79,"2B",FALSE
"18006",65,65,2,5,"4",TRUE
"18022",77,77,2,9,"4",TRUE
"18083",50,50,2,17,"4",TRUE
"18099",NA,58,1,425,"3A",FALSE
"18108",80,79,2,53,"4",TRUE
"18153",NA,64,1,425,"3A",FALSE
"18156",73,71,2,112,"4",TRUE
"18168",78,78,2,15,"2B",FALSE
"18169",70,70,2,0,"3A",FALSE
"18171",42,42,2,15,"4",TRUE
"18181",69,68,2,9,"2B",FALSE
"18196",79,76,2,155,"2B",FALSE
"18200",57,57,2,32,"4",TRUE
"18224",42,41,2,39,"4",TRUE
"18225",62,61,2,67,"4",TRUE
"18248",73,72,2,63,"4",TRUE
"18261",69,69,2,1,"4",TRUE
"18291",54,54,2,6,"4",TRUE
"18333",80,75,2,255,"3A",FALSE
"18337",54,53,2,44,"4",TRUE
"18394",75,74,2,42,"3A",FALSE
"18399",69,69,2,7,"4",TRUE
"18442",70,70,2,16,"4",TRUE
"18452",82,82,2,5,"4",TRUE
"18553",74,68,2,344,"3A",FALSE
"18593",48,47,2,24,"4",TRUE
"18599",57,56,2,23,"4",TRUE
"18638",85,84,2,16,"4",TRUE
"18663",65,63,2,108,"4",TRUE
"18696",65,64,2,52,"4",TRUE
"18742",70,69,2,34,"4",TRUE
"18748",66,65,2,16,"4",TRUE
"18760",65,65,2,5,"4",TRUE
"18764",52,51,2,17,"4",TRUE
"18817",NA,77,1,416,"2A",FALSE
"18825",68,61,2,353,"3A",FALSE
"18833",50,49,2,22,"4",TRUE
"18834",75,75,2,12,"4",TRUE
"18839",73,73,2,35,"4",TRUE
"18845",NA,60,1,419,"4",TRUE
"18856",77,77,2,11,"4",TRUE
"18880",57,57,2,1,"4",TRUE
"18901",NA,62,1,414,"2B",FALSE
"18910",81,80,2,10,"4",TRUE
"18913",71,71,2,6,"3A",FALSE
"18918",62,62,2,5,"4",TRUE
"18936",67,64,2,177,"2B",FALSE
"18969",64,63,2,28,"4",TRUE
"19005",72,72,2,2,"4",TRUE
"19043",52,52,2,2,"4",TRUE
"19078",78,77,2,66,"2B",FALSE
"19088",78,75,2,140,"3A",FALSE
"19106",70,69,2,55,"3A",FALSE
"19119",63,63,2,16,"4",TRUE
"19135",57,56,2,65,"3A",FALSE
"19153",79,74,2,261,"4",TRUE
"19169",76,76,2,5,"4",TRUE
"19183",84,84,2,10,"4",TRUE
"19231",70,69,2,53,"4",TRUE
"19233",84,84,2,5,"4",TRUE
"19248",52,52,2,19,"4",TRUE
"19264",73,73,2,2,"4",TRUE
"19277",80,75,2,272,"2B",FALSE
"19294",50,49,2,58,"4",TRUE
"19306",67,67,2,5,"4",TRUE
"19326",77,76,2,4,"4",TRUE
"19343",81,80,2,8,"4",TRUE
"19358",84,84,2,10,"4",TRUE
"19392",84,83,2,42,"4",TRUE
"19415",82,82,2,5,"4",TRUE
"19426",71,71,2,10,"4",TRUE
"19435",58,58,2,4,"4",TRUE
"19441",54,54,2,6,"4",TRUE
"19442",60,59,2,18,"4",TRUE
"19459",61,61,2,32,"3A",FALSE
"19478",56,56,2,21,"4",TRUE
"19487",76,75,2,31,"4",TRUE
"19503",68,67,2,15,"4",TRUE
"19506",87,87,2,23,"4",TRUE
"19530",45,45,2,25,"4",TRUE
"19532",76,75,2,31,"4",TRUE
"19540",NA,82,1,407,"2B",FALSE
"19553",87,87,2,11,"4",TRUE
"19571",79,78,2,28,"3A",FALSE
"19589",52,52,2,39,"4",TRUE
"19597",50,50,2,6,"4",TRUE
"19640",73,73,2,1,"4",TRUE
"19673",82,82,2,6,"4",TRUE
"19681",65,65,2,13,"4",TRUE
"19699",64,63,2,10,"4",TRUE
"19708",77,76,2,12,"4",TRUE
"19725",82,80,2,97,"2B",FALSE
"19729",63,62,2,22,"3A",FALSE
"19742",61,60,2,67,"4",TRUE
"19750",61,59,2,140,"4",TRUE
"19759",NA,57,1,410,"2A",FALSE
"19775",68,66,2,93,"4",TRUE
"19816",75,74,2,47,"4",TRUE
"19817",55,55,2,18,"4",TRUE
"19820",77,76,2,36,"4",TRUE
"19824",54,54,2,6,"4",TRUE
"19843",84,83,2,51,"3A",FALSE
"19886",58,58,2,11,"4",TRUE
"19893",NA,60,1,403,"2B",FALSE
"19894",59,58,2,4,"4",TRUE
"19911",69,67,2,84,"3A",FALSE
"19927",NA,62,1,403,"3A",FALSE
"19945",64,63,2,63,"4",TRUE
"19975",69,68,2,34,"3A",FALSE
"19997",62,62,2,40,"3A",FALSE
"20042",57,56,2,49,"3A",FALSE
"20043",71,71,2,12,"4",TRUE
"20050",77,77,2,29,"4",TRUE
"20058",72,70,2,84,"4",TRUE
"20085",56,56,2,15,"4",TRUE
"20103",NA,68,1,404,"2B",FALSE
"20124",84,83,2,41,"3A",FALSE
"20142",72,72,2,36,"4",TRUE
"20145",61,60,2,71,"4",TRUE
"20180",NA,75,1,403,"3A",FALSE
"20189",68,65,2,147,"2A",FALSE
"20196",60,52,2,402,"3A",FALSE
"20198",62,62,2,17,"4",TRUE
"20200",75,74,2,8,"4",TRUE
"20241",57,57,2,34,"4",TRUE
"20254",58,56,2,90,"4",TRUE
"20286",63,58,2,220,"4",TRUE
"20288",65,65,2,20,"4",TRUE
"20293",74,73,2,74,"3A",FALSE
"20316",80,73,2,371,"3A",FALSE
"20328",61,60,2,21,"4",TRUE
"20368",85,85,2,7,"4",TRUE
"20459",81,81,2,1,"4",TRUE
"20468",59,58,2,56,"4",TRUE
"20508",55,54,2,52,"3A",FALSE
"20526",73,72,2,33,"4",TRUE
"20547",56,54,2,61,"4",TRUE
"20550",72,71,2,83,"4",TRUE
"20605",76,76,2,9,"4",TRUE
"20649",77,77,2,15,"4",TRUE
"20656",NA,64,1,393,"2B",FALSE
"20674",79,79,2,7,"4",TRUE
"20678",75,75,2,21,"4",TRUE
"20706",64,63,2,34,"2B",FALSE
"20710",67,65,2,89,"4",TRUE
"20758",89,87,2,73,"3A",FALSE
"20781",80,80,2,25,"4",TRUE
"20823",66,66,2,4,"4",TRUE
"20827",66,65,2,43,"4",TRUE
"20842",61,60,2,39,"4",TRUE
"20851",NA,51,1,399,"3A",FALSE
"20940",82,82,2,7,"4",TRUE
"20982",63,63,2,8,"4",TRUE
"21002",83,82,2,41,"4",TRUE
"21033",84,83,2,14,"4",TRUE
"21037",83,83,2,4,"4",TRUE
"21051",80,80,2,22,"4",TRUE
"21125",85,84,2,42,"3A",FALSE
"21126",86,86,2,15,"4",TRUE
"21128",71,71,2,8,"4",TRUE
"21133",78,78,2,14,"4",TRUE
"21168",77,76,2,43,"2B",FALSE
"21179",72,72,2,24,"3A",FALSE
"21227",58,57,2,65,"3A",FALSE
"21244",NA,76,1,373,"3A",FALSE
"21247",86,85,2,13,"3A",FALSE
"21259",82,82,2,1,"4",TRUE
"21264",72,70,2,95,"3A",FALSE
"21271",NA,54,1,391,"2A",FALSE
"21285",75,74,2,32,"4",TRUE
"21312",72,72,2,46,"4",TRUE
"21332",63,62,2,57,"2B",FALSE
"21342",79,76,2,153,"3A",FALSE
"21354",73,73,2,4,"4",TRUE
"21388",79,78,2,33,"4",TRUE
"21456",80,79,2,13,"4",TRUE
"21474",52,52,2,34,"4",TRUE
"21513",NA,65,1,383,"2A",FALSE
"21529",77,77,2,48,"3A",FALSE
"21538",67,67,2,16,"2B",FALSE
"21566",72,71,2,3,"3A",FALSE
"21569",77,77,2,43,"3A",FALSE
"21602",84,84,2,17,"4",TRUE
"21657",52,52,2,0,"4",TRUE
"21662",NA,74,1,352,"4",TRUE
"21665",75,75,2,8,"2B",FALSE
"21680",94,94,2,6,"4",TRUE
"21701",72,71,2,31,"4",TRUE
"21704",66,65,2,49,"3A",FALSE
"21716",77,77,2,28,"4",TRUE
"21729",63,62,2,81,"4",TRUE
"21745",NA,47,1,397,"4",TRUE
"21753",75,71,2,220,"2B",FALSE
"21791",64,63,2,59,"4",TRUE
"21807",75,73,2,139,"4",TRUE
"21835",56,56,2,7,"3A",FALSE
"21843",79,79,2,3,"4",TRUE
"21874",73,72,2,47,"4",TRUE
"21877",50,50,2,21,"4",TRUE
"21887",68,68,2,21,"4",TRUE
"21895",NA,67,1,395,"2B",FALSE
"21898",69,68,2,22,"4",TRUE
"21899",81,80,2,18,"4",TRUE
"21934",85,85,2,46,"3A",FALSE
"21965",40,40,2,7,"4",TRUE
"21966",72,72,2,7,"3A",FALSE
"22000",72,71,2,53,"3A",FALSE
"22012",67,66,2,23,"4",TRUE
"22018",69,69,2,2,"4",TRUE
"22033",64,62,2,120,"4",TRUE
"22040",67,66,2,50,"4",TRUE
"22078",67,67,2,4,"4",TRUE
"22084",NA,37,1,393,"2A",FALSE
"22110",72,72,2,37,"4",TRUE
"22116",54,53,2,50,"4",TRUE
"22118",70,63,2,365,"4",TRUE
"22124",84,77,2,349,"3A",FALSE
"22141",59,58,2,32,"3A",FALSE
"22152",53,53,2,12,"4",TRUE
"22158",63,63,2,2,"4",TRUE
"22164",61,61,2,35,"4",TRUE
"22167",42,42,2,10,"4",TRUE
"22221",69,69,2,20,"4",TRUE
"22243",77,75,2,57,"4",TRUE
"22250",58,57,2,89,"4",TRUE
"22270",60,60,2,23,"3A",FALSE
"22281",77,71,2,314,"4",TRUE
"22308",55,55,2,43,"4",TRUE
"22321",81,81,2,18,"3A",FALSE
"22340",39,39,2,13,"4",TRUE
"22353",65,64,2,20,"2A",FALSE
"22355",68,68,2,1,"4",TRUE
"22385",76,76,2,1,"4",TRUE
"22389",92,92,2,2,"4",TRUE
"22390",68,67,2,59,"4",TRUE
"22393",52,52,2,1,"4",TRUE
"22416",68,68,2,3,"4",TRUE
"22453",66,65,2,65,"4",TRUE
"22466",85,84,2,29,"3A",FALSE
"22497",60,57,2,143,"2B",FALSE
"22501",47,47,2,11,"4",TRUE
"22505",54,53,2,59,"4",TRUE
"22513",86,86,2,2,"2B",FALSE
"22525",89,89,2,10,"4",TRUE
"22538",82,82,2,9,"4",TRUE
"22556",56,55,2,65,"3A",FALSE
"22581",79,78,2,59,"3A",FALSE
"22603",71,71,2,3,"4",TRUE
"22650",42,42,2,27,"4",TRUE
"22664",NA,65,1,388,"4",TRUE
"22671",78,78,2,6,"4",TRUE
"22703",75,75,2,14,"3A",FALSE
"22719",71,71,2,8,"4",TRUE
"22728",53,51,2,100,"4",TRUE
"22737",NA,56,1,385,"2A",FALSE
"22751",55,55,2,35,"4",TRUE
"22782",83,80,2,178,"3A",FALSE
"22787",77,76,2,16,"4",TRUE
"22800",75,74,2,27,"4",TRUE
"22826",65,64,2,56,"4",TRUE
"22832",65,64,2,23,"4",TRUE
"22868",78,76,2,79,"3A",FALSE
"22874",55,55,2,18,"4",TRUE
"22875",NA,71,1,388,"2B",FALSE
"22882",70,70,2,8,"4",TRUE
"22914",75,75,2,11,"4",TRUE
"22944",67,66,2,9,"4",TRUE
"22959",77,73,2,227,"3A",FALSE
"22962",60,60,2,9,"4",TRUE
"22976",75,74,2,60,"2A",FALSE
"22991",81,81,2,4,"4",TRUE
"22993",52,50,2,85,"4",TRUE
"23019",57,56,2,52,"4",TRUE
"23054",NA,72,1,385,"3A",FALSE
"23070",83,83,2,6,"4",TRUE
"23098",NA,69,1,382,"2A",FALSE
"23109",66,66,2,4,"4",TRUE
"23119",84,84,2,24,"3A",FALSE
"23124",73,73,2,17,"4",TRUE
"23167",61,60,2,9,"4",TRUE
"23205",83,83,2,14,"2B",FALSE
"23208",73,73,2,25,"4",TRUE
"23212",80,79,2,41,"4",TRUE
"23224",60,58,2,137,"3A",FALSE
"23234",70,69,2,34,"4",TRUE
"23291",67,67,2,2,"4",TRUE
"23294",67,66,2,28,"3A",FALSE
"23314",83,83,2,8,"4",TRUE
"23359",47,46,2,19,"4",TRUE
"23360",77,76,2,61,"3A",FALSE
"23361",55,53,2,53,"4",TRUE
"23442",71,70,2,43,"3A",FALSE
"23491",57,57,2,14,"4",TRUE
"23492",NA,71,1,379,"2B",FALSE
"23502",79,78,2,12,"3A",FALSE
"23520",NA,64,1,360,"3A",FALSE
"23524",68,67,2,22,"4",TRUE
"23536",49,48,2,10,"4",TRUE
"23561",64,64,2,1,"4",TRUE
"23580",81,80,2,53,"3A",FALSE
"23606",62,61,2,44,"2A",FALSE
"23638",69,69,2,24,"4",TRUE
"23639",80,80,2,13,"3A",FALSE
"23648",77,76,2,88,"3A",FALSE
"23654",67,66,2,12,"4",TRUE
"23657",58,58,2,30,"4",TRUE
"23681",63,63,2,2,"4",TRUE
"23769",63,63,2,1,"4",TRUE
"23784",85,84,2,89,"3A",FALSE
"23792",50,48,2,76,"3A",FALSE
"23793",66,65,2,29,"4",TRUE
"23795",81,81,2,4,"4",TRUE
"23811",NA,59,1,376,"2A",FALSE
"23890",60,58,2,123,"4",TRUE
"23895",NA,78,1,374,"4",TRUE
"23912",66,65,2,12,"4",TRUE
"23920",72,71,2,41,"4",TRUE
"23949",66,65,2,26,"3A",FALSE
"23972",80,79,2,17,"4",TRUE
"24040",78,78,2,3,"4",TRUE
"24051",76,75,2,14,"4",TRUE
"24094",76,74,2,134,"3A",FALSE
"24170",64,63,2,63,"4",TRUE
"24203",67,67,2,3,"4",TRUE
"24204",65,63,2,89,"4",TRUE
"24209",91,88,2,134,"4",TRUE
"24223",80,80,2,12,"4",TRUE
"24235",80,79,2,37,"4",TRUE
"24240",98,98,2,0,"4",TRUE
"24275",56,56,2,12,"4",TRUE
"24288",80,80,2,5,"3A",FALSE
"24313",78,77,2,30,"3A",FALSE
"24318",67,66,2,9,"3A",FALSE
"24344",57,54,2,187,"3A",FALSE
"24355",66,66,2,23,"4",TRUE
"24366",73,73,2,8,"4",TRUE
"24367",61,61,2,18,"4",TRUE
"24373",57,56,2,54,"4",TRUE
"24389",81,80,2,32,"4",TRUE
"24410",55,54,2,12,"4",TRUE
"24468",79,78,2,39,"4",TRUE
"24487",NA,74,1,371,"2A",FALSE
"24512",73,70,2,153,"3A",FALSE
"24526",63,62,2,21,"4",TRUE
"24533",66,64,2,111,"3A",FALSE
"24535",65,65,2,13,"4",TRUE
"24595",NA,57,1,367,"3A",FALSE
"24608",59,59,2,8,"4",TRUE
"24626",46,46,2,9,"4",TRUE
"24637",63,63,2,2,"4",TRUE
"24640",88,87,2,24,"3A",FALSE
"24660",62,61,2,65,"4",TRUE
"24712",80,80,2,18,"4",TRUE
"24726",65,65,2,12,"4",TRUE
"24741",83,83,2,6,"3A",FALSE
"24754",77,77,2,3,"4",TRUE
"24776",65,64,2,12,"4",TRUE
"24816",66,66,2,11,"4",TRUE
"24887",75,74,2,62,"4",TRUE
"24939",64,63,2,7,"4",TRUE
"24941",69,69,2,48,"4",TRUE
"24955",54,52,2,66,"4",TRUE
"24982",50,49,2,50,"4",TRUE
"25005",52,50,2,90,"4",TRUE
"25040",73,71,2,114,"4",TRUE
"25046",79,79,2,4,"4",TRUE
"25051",67,67,2,23,"4",TRUE
"25061",NA,66,1,363,"2A",FALSE
"25073",68,66,2,75,"3A",FALSE
"25103",69,69,2,9,"4",TRUE
"25112",78,78,2,8,"4",TRUE
"25165",80,79,2,50,"4",TRUE
"25167",79,78,2,77,"3A",FALSE
"25198",78,78,2,15,"4",TRUE
"25203",54,53,2,49,"4",TRUE
"25208",74,73,2,27,"4",TRUE
"25218",71,70,2,73,"4",TRUE
"25234",78,78,2,35,"4",TRUE
"25236",NA,69,1,362,"2A",FALSE
"25245",81,80,2,49,"3A",FALSE
"25299",59,57,2,136,"3A",FALSE
"25302",64,63,2,54,"3A",FALSE
"25396",71,71,2,5,"4",TRUE
"25409",68,66,2,125,"2A",FALSE
"25443",54,54,2,3,"4",TRUE
"25462",43,43,2,12,"4",TRUE
"25466",69,69,2,5,"4",TRUE
"25480",61,59,2,107,"3A",FALSE
"25486",76,76,2,21,"4",TRUE
"25505",73,73,2,5,"3A",FALSE
"25508",NA,70,1,361,"3A",FALSE
"25512",71,71,2,9,"3A",FALSE
"25535",72,72,2,8,"4",TRUE
"25539",74,71,2,123,"4",TRUE
"25549",84,83,2,42,"4",TRUE
"25550",80,80,2,17,"4",TRUE
"25585",80,79,2,33,"4",TRUE
"25587",63,63,2,30,"4",TRUE
"25599",59,58,2,65,"3A",FALSE
"25618",71,71,2,4,"4",TRUE
"25623",64,63,2,39,"4",TRUE
"25631",77,75,2,95,"4",TRUE
"25652",48,48,2,10,"4",TRUE
"25670",NA,70,1,363,"2B",FALSE
"25674",73,73,2,5,"4",TRUE
"25704",56,56,2,35,"4",TRUE
"25727",77,76,2,22,"3A",FALSE
"25770",72,72,2,13,"4",TRUE
"25771",64,63,2,46,"4",TRUE
"25776",NA,58,1,356,"4",TRUE
"25790",67,66,2,6,"4",TRUE
"25809",NA,70,1,358,"4",TRUE
"25815",NA,69,1,356,"2A",FALSE
"25853",56,54,2,142,"4",TRUE
"25883",84,84,2,14,"4",TRUE
"25917",NA,71,1,355,"4",TRUE
"25943",80,80,2,1,"3A",FALSE
"25971",83,83,2,14,"3A",FALSE
"26050",74,74,2,3,"4",TRUE
"26109",62,60,2,58,"2A",FALSE
"26163",79,78,2,17,"3A",FALSE
"26199",77,77,2,12,"4",TRUE
"26239",56,53,2,160,"3A",FALSE
"26258",72,71,2,51,"4",TRUE
"26318",60,60,2,0,"4",TRUE
"26357",75,75,2,6,"4",TRUE
"26387",79,79,2,3,"4",TRUE
"26401",55,55,2,14,"4",TRUE
"26451",41,40,2,28,"4",TRUE
"26527",83,83,2,5,"4",TRUE
"26535",45,44,2,55,"4",TRUE
"26537",78,78,2,12,"4",TRUE
"26586",78,78,2,12,"4",TRUE
"26642",60,60,2,4,"4",TRUE
"26658",72,66,2,293,"2B",FALSE
"26661",65,64,2,65,"4",TRUE
"26683",68,67,2,44,"4",TRUE
"26695",76,75,2,18,"4",TRUE
"26712",81,77,2,201,"4",TRUE
"26723",86,85,2,28,"4",TRUE
"26753",88,87,2,31,"4",TRUE
"26754",63,62,2,63,"2A",FALSE
"26774",55,54,2,21,"4",TRUE
"26782",53,53,2,5,"4",TRUE
"26784",77,75,2,70,"2A",FALSE
"26788",NA,75,1,347,"2A",FALSE
"26797",52,52,2,26,"4",TRUE
"26821",85,85,2,0,"3A",FALSE
"26832",57,56,2,59,"4",TRUE
"26856",65,64,2,69,"4",TRUE
"26867",59,59,2,13,"4",TRUE
"26891",75,74,2,67,"4",TRUE
"26934",72,71,2,55,"3A",FALSE
"26939",NA,57,1,353,"4",TRUE
"26953",60,59,2,0,"4",TRUE
"26968",62,62,2,2,"4",TRUE
"27017",66,66,2,0,"4",TRUE
"27036",76,76,2,16,"2B",FALSE
"27081",72,72,2,29,"3A",FALSE
"27087",74,72,2,71,"3A",FALSE
"27089",73,73,2,19,"4",TRUE
"27127",60,59,2,44,"4",TRUE
"27170",81,80,2,51,"3A",FALSE
"27190",74,74,2,10,"4",TRUE
"27196",83,80,2,173,"3A",FALSE
"27198",81,80,2,21,"3A",FALSE
"27229",NA,68,1,315,"2A",FALSE
"27234",75,75,2,3,"4",TRUE
"27245",NA,66,1,311,"2A",FALSE
"27267",61,61,2,18,"4",TRUE
"27370",69,69,2,22,"4",TRUE
"27380",65,65,2,1,"3A",FALSE
"27426",66,62,2,208,"4",TRUE
"27434",58,58,2,2,"4",TRUE
"27440",80,80,2,2,"4",TRUE
"27454",54,54,2,28,"4",TRUE
"27467",70,69,2,52,"3A",FALSE
"27471",68,66,2,84,"4",TRUE
"27498",77,77,2,4,"3A",FALSE
"27513",83,83,2,23,"4",TRUE
"27539",NA,78,1,300,"3A",FALSE
"27567",68,66,2,148,"4",TRUE
"27596",85,85,2,11,"3A",FALSE
"27641",66,66,2,11,"4",TRUE
"27704",71,71,2,14,"4",TRUE
"27712",62,60,2,115,"4",TRUE
"27715",60,59,2,28,"3A",FALSE
"27742",73,72,2,20,"2B",FALSE
"27823",84,83,2,10,"4",TRUE
"27835",94,93,2,9,"4",TRUE
"27853",72,72,2,3,"4",TRUE
"27874",59,58,2,20,"4",TRUE
"27881",65,65,2,6,"4",TRUE
"27898",NA,75,1,325,"2A",FALSE
"27899",NA,70,1,332,"2B",FALSE
"27917",NA,59,1,327,"2A",FALSE
"27932",59,58,2,39,"4",TRUE
"27936",NA,56,1,307,"2A",FALSE
"27937",73,71,2,78,"4",TRUE
"27962",75,75,2,20,"4",TRUE
"27972",66,66,2,2,"2B",FALSE
"27979",70,70,2,9,"4",TRUE
"28041",65,64,2,44,"4",TRUE
"28048",55,53,2,75,"4",TRUE
"28169",82,82,2,3,"3A",FALSE
"28184",66,66,2,15,"4",TRUE
"28263",77,77,2,18,"4",TRUE
"28272",69,69,2,47,"3A",FALSE
"28284",80,80,2,4,"3A",FALSE
"28296",71,71,2,5,"4",TRUE
"28333",66,66,2,0,"4",TRUE
"28343",65,64,2,13,"4",TRUE
"28362",43,42,2,64,"4",TRUE
"28368",77,76,2,63,"4",TRUE
"28371",63,61,2,61,"4",TRUE
"28379",70,69,2,32,"4",TRUE
"28385",81,80,2,72,"4",TRUE
"28433",NA,73,1,345,"3A",FALSE
"28439",52,52,2,15,"4",TRUE
"28464",80,80,2,33,"4",TRUE
"28470",NA,52,1,343,"4",TRUE
"28535",68,68,2,1,"4",TRUE
"28541",67,65,2,143,"2A",FALSE
"28579",77,77,2,9,"4",TRUE
"28593",74,72,2,77,"2A",FALSE
"28600",57,56,2,4,"4",TRUE
"28614",67,66,2,53,"4",TRUE
"28642",74,74,2,8,"3A",FALSE
"28686",77,77,2,11,"4",TRUE
"28718",63,63,2,8,"4",TRUE
"28733",83,83,2,38,"4",TRUE
"28743",62,62,2,8,"4",TRUE
"28760",68,65,2,160,"4",TRUE
"28795",81,81,2,7,"4",TRUE
"28804",75,75,2,8,"4",TRUE
"28812",69,69,2,4,"2B",FALSE
"28821",71,70,2,10,"4",TRUE
"28822",NA,60,1,341,"3A",FALSE
"28839",NA,61,1,341,"2A",FALSE
"28867",73,72,2,42,"3A",FALSE
"28877",69,69,2,5,"4",TRUE
"28890",54,53,2,46,"4",TRUE
"28912",64,63,2,75,"4",TRUE
"28925",77,77,2,10,"4",TRUE
"28960",65,65,2,1,"4",TRUE
"28972",NA,64,1,340,"3A",FALSE
"28982",54,53,2,43,"4",TRUE
"28990",NA,72,1,340,"2B",FALSE
"29000",75,72,2,202,"4",TRUE
"29003",71,71,2,16,"4",TRUE
"29019",61,61,2,9,"3A",FALSE
"29020",63,63,2,3,"4",TRUE
"29029",50,50,2,4,"4",TRUE
"29050",52,51,2,55,"4",TRUE
"29100",65,65,2,9,"4",TRUE
"29105",76,76,2,6,"4",TRUE
"29122",53,52,2,82,"4",TRUE
"29171",78,77,2,41,"2A",FALSE
"29173",NA,58,1,337,"2A",FALSE
"29189",56,55,2,62,"4",TRUE
"29208",43,43,2,5,"4",TRUE
"29212",63,62,2,13,"2A",FALSE
"29229",46,46,2,3,"4",TRUE
"29321",82,80,2,89,"4",TRUE
"29343",68,67,2,7,"4",TRUE
"29360",80,80,2,7,"4",TRUE
"29372",86,85,2,26,"2A",FALSE
"29384",76,76,2,24,"4",TRUE
"29404",71,71,2,19,"2A",FALSE
"29420",62,62,2,1,"4",TRUE
"29421",73,72,2,30,"4",TRUE
"29427",88,85,2,185,"3A",FALSE
"29440",63,59,2,218,"3A",FALSE
"29460",72,72,2,1,"4",TRUE
"29476",79,78,2,67,"4",TRUE
"29503",69,65,2,216,"3A",FALSE
"29509",59,58,2,12,"4",TRUE
"29535",41,41,2,6,"4",TRUE
"29541",53,52,2,49,"2B",FALSE
"29549",83,81,2,97,"3A",FALSE
"29570",71,70,2,8,"4",TRUE
"29603",53,52,2,54,"4",TRUE
"29620",86,85,2,23,"4",TRUE
"29622",74,73,2,64,"3A",FALSE
"29623",65,60,2,237,"4",TRUE
"29625",70,69,2,24,"4",TRUE
"29628",65,65,2,4,"4",TRUE
"29633",79,79,2,6,"4",TRUE
"29654",68,67,2,20,"4",TRUE
"29660",59,58,2,74,"3A",FALSE
"29661",70,69,2,26,"4",TRUE
"29696",64,61,2,152,"4",TRUE
"29699",82,82,2,12,"4",TRUE
"29738",78,78,2,25,"3A",FALSE
"29740",65,64,2,62,"2A",FALSE
"29758",77,76,2,10,"4",TRUE
"29765",79,79,2,5,"4",TRUE
"29769",NA,54,1,331,"4",TRUE
"29777",77,75,2,149,"3A",FALSE
"29779",66,66,2,1,"4",TRUE
"29790",76,76,2,5,"4",TRUE
"29794",79,73,2,299,"2A",FALSE
"29856",NA,62,1,330,"3A",FALSE
"29873",59,59,2,30,"4",TRUE
"29883",67,67,2,13,"3A",FALSE
"29897",84,84,2,11,"4",TRUE
"29906",56,55,2,4,"4",TRUE
"29930",71,71,2,13,"4",TRUE
"29934",62,62,2,10,"4",TRUE
"29941",78,74,2,186,"2A",FALSE
"29960",65,64,2,30,"4",TRUE
"29976",63,63,2,27,"3A",FALSE
"30000",73,73,2,31,"4",TRUE
"30008",71,71,2,1,"4",TRUE
"30064",NA,56,1,332,"2A",FALSE
"30065",69,64,2,269,"3A",FALSE
"30084",71,71,2,36,"4",TRUE
"30121",69,69,2,21,"4",TRUE
"30122",66,66,2,32,"4",TRUE
"30127",65,65,2,6,"4",TRUE
"30138",72,72,2,1,"4",TRUE
"30139",62,61,2,11,"4",TRUE
"30227",67,67,2,7,"4",TRUE
"30233",65,65,2,26,"2B",FALSE
"30234",56,53,2,114,"4",TRUE
"30239",80,80,2,14,"4",TRUE
"30305",80,79,2,60,"4",TRUE
"30330",65,65,2,13,"4",TRUE
"30337",74,70,2,204,"2B",FALSE
"30344",81,81,2,18,"4",TRUE
"30368",68,68,2,4,"4",TRUE
"30377",68,68,2,3,"4",TRUE
"30379",67,66,2,38,"4",TRUE
"30408",76,76,2,7,"4",TRUE
"30410",54,54,2,5,"4",TRUE
"30414",47,47,2,24,"4",TRUE
"30423",85,85,2,31,"3A",FALSE
"30429",67,67,2,5,"4",TRUE
"30470",60,60,2,5,"4",TRUE
"30472",68,67,2,12,"4",TRUE
"30501",80,80,2,28,"4",TRUE
"30518",78,76,2,99,"4",TRUE
"30527",83,81,2,105,"4",TRUE
"30530",65,65,2,1,"4",TRUE
"30543",69,68,2,16,"4",TRUE
"30605",69,69,2,14,"4",TRUE
"30608",88,88,2,14,"4",TRUE
"30647",62,62,2,41,"4",TRUE
"30670",60,60,2,3,"4",TRUE
"30678",70,68,2,94,"3A",FALSE
"30682",66,63,2,153,"4",TRUE
"30683",59,59,2,9,"3A",FALSE
"30685",NA,75,1,321,"2B",FALSE
"30705",62,58,2,202,"3A",FALSE
"30726",64,60,2,216,"3A",FALSE
"30756",NA,61,1,322,"4",TRUE
"30776",28,27,2,18,"2A",FALSE
"30849",81,78,2,135,"3A",FALSE
"30881",61,59,2,122,"3A",FALSE
"30887",79,78,2,12,"4",TRUE
"30914",74,73,2,50,"4",TRUE
"30919",63,63,2,13,"4",TRUE
"30940",75,75,2,13,"4",TRUE
"30967",66,65,2,60,"4",TRUE
"30992",63,62,2,19,"4",TRUE
"31034",48,48,2,3,"4",TRUE
"31074",78,78,2,5,"4",TRUE
"31081",81,81,2,6,"4",TRUE
"31097",51,51,2,9,"4",TRUE
"31124",72,72,2,19,"4",TRUE
"31133",80,80,2,44,"3A",FALSE
"31151",76,75,2,47,"4",TRUE
"31156",44,43,2,49,"3A",FALSE
"31175",55,54,2,23,"4",TRUE
"31176",60,60,2,18,"4",TRUE
"31195",59,59,2,31,"4",TRUE
"31196",NA,68,1,317,"3A",FALSE
"31205",48,47,2,37,"3A",FALSE
"31207",NA,51,1,319,"2B",FALSE
"31211",65,65,2,44,"4",TRUE
"31220",NA,64,1,316,"3A",FALSE
"31229",58,56,2,103,"4",TRUE
"31245",94,92,2,114,"4",TRUE
"31306",55,54,2,18,"4",TRUE
"31328",90,89,2,1,"4",TRUE
"31331",51,51,2,14,"4",TRUE
"31343",NA,69,1,325,"2A",FALSE
"31374",79,79,2,0,"4",TRUE
"31382",84,84,2,2,"4",TRUE
"31405",86,85,2,49,"4",TRUE
"31439",66,66,2,17,"4",TRUE
"31461",80,80,2,3,"4",TRUE
"31468",65,65,2,19,"4",TRUE
"31489",71,70,2,1,"4",TRUE
"31509",68,66,2,79,"3A",FALSE
"31526",57,56,2,4,"4",TRUE
"31613",80,79,2,37,"4",TRUE
"31627",67,64,2,142,"3A",FALSE
"31670",52,50,2,83,"4",TRUE
"31686",63,61,2,108,"4",TRUE
"31747",NA,61,1,314,"2A",FALSE
"31771",68,68,2,2,"4",TRUE
"31776",NA,74,1,311,"2B",FALSE
"31811",69,69,2,34,"4",TRUE
"31813",83,83,2,6,"2A",FALSE
"31815",NA,60,1,312,"3A",FALSE
"31818",60,58,2,84,"4",TRUE
"31820",77,77,2,11,"4",TRUE
"31826",72,70,2,100,"4",TRUE
"31859",65,62,2,157,"3A",FALSE
"31875",52,51,2,43,"4",TRUE
"31929",76,75,2,31,"4",TRUE
"31944",79,79,2,9,"4",TRUE
"31986",77,74,2,125,"2A",FALSE
"32003",63,62,2,54,"4",TRUE
"32048",51,50,2,33,"4",TRUE
"32061",71,67,2,167,"4",TRUE
"32084",NA,70,1,309,"2B",FALSE
"32129",78,78,2,5,"4",TRUE
"32143",58,58,2,16,"4",TRUE
"32151",67,67,2,10,"4",TRUE
"32161",85,85,2,8,"4",TRUE
"32173",53,52,2,28,"3A",FALSE
"32179",66,66,2,4,"4",TRUE
"32184",74,74,2,4,"4",TRUE
"32265",50,49,2,21,"4",TRUE
"32268",52,50,2,94,"2B",FALSE
"32290",76,75,2,11,"4",TRUE
"32294",NA,49,1,307,"2A",FALSE
"32300",83,83,2,12,"4",TRUE
"32311",80,80,2,2,"2A",FALSE
"32330",51,51,2,7,"3A",FALSE
"32334",77,77,2,23,"4",TRUE
"32343",50,49,2,78,"4",TRUE
"32358",83,82,2,21,"4",TRUE
"32363",62,62,2,9,"4",TRUE
"32365",68,68,2,10,"4",TRUE
"32391",44,42,2,88,"4",TRUE
"32401",50,49,2,36,"4",TRUE
"32411",53,50,2,160,"2A",FALSE
"32414",51,51,2,5,"4",TRUE
"32446",45,45,2,9,"3A",FALSE
"32453",66,65,2,48,"4",TRUE
"32466",68,68,2,22,"4",TRUE
"32478",NA,55,1,309,"3A",FALSE
"32480",73,73,2,2,"4",TRUE
"32487",64,64,2,3,"4",TRUE
"32534",NA,61,1,304,"3A",FALSE
"32546",60,59,2,41,"4",TRUE
"32552",81,81,2,6,"4",TRUE
"32563",72,71,2,13,"4",TRUE
"32566",59,57,2,82,"3A",FALSE
"32570",72,71,2,62,"3A",FALSE
"32578",64,62,2,133,"3A",FALSE
"32626",NA,59,1,305,"2A",FALSE
"32639",70,69,2,18,"4",TRUE
"32729",88,88,2,4,"4",TRUE
"32736",NA,65,1,301,"3A",FALSE
"32772",NA,57,1,302,"2A",FALSE
"32779",66,64,2,102,"4",TRUE
"32822",61,60,2,38,"4",TRUE
"32862",79,79,2,1,"4",TRUE
"32875",68,68,2,3,"4",TRUE
"32876",76,76,2,12,"4",TRUE
"32904",69,67,2,94,"3A",FALSE
"32920",76,74,2,87,"3A",FALSE
"32922",87,86,2,24,"4",TRUE
"33011",71,71,2,22,"3A",FALSE
"33063",72,71,2,87,"3A",FALSE
"33081",55,55,2,13,"4",TRUE
"33097",64,64,2,29,"4",TRUE
"33099",86,83,2,163,"2B",FALSE
"33114",77,76,2,80,"4",TRUE
"33124",79,79,2,6,"4",TRUE
"33130",73,73,2,23,"4",TRUE
"33131",49,48,2,90,"4",TRUE
"33137",79,78,2,32,"4",TRUE
"33171",73,72,2,30,"4",TRUE
"33291",60,59,2,9,"4",TRUE
"33314",84,83,2,3,"4",TRUE
"33338",73,73,2,14,"2A",FALSE
"33351",70,69,2,8,"2B",FALSE
"33379",52,52,2,28,"4",TRUE
"33380",70,68,2,82,"3A",FALSE
"33414",55,54,2,23,"4",TRUE
"33416",80,78,2,61,"4",TRUE
"33418",58,58,2,18,"4",TRUE
"33435",65,64,2,52,"4",TRUE
"33443",80,77,2,152,"4",TRUE
"33451",52,52,2,4,"4",TRUE
"33473",84,84,2,21,"4",TRUE
"33492",NA,57,1,297,"2B",FALSE
"33494",73,70,2,145,"2A",FALSE
"33500",57,56,2,65,"2B",FALSE
"33511",45,44,2,48,"4",TRUE
"33553",68,68,2,5,"4",TRUE
"33571",88,87,2,68,"4",TRUE
"33574",82,82,2,10,"4",TRUE
"33575",68,68,2,11,"4",TRUE
"33596",NA,75,1,328,"2A",FALSE
"33632",86,83,2,121,"4",TRUE
"33642",73,73,2,24,"4",TRUE
"33657",78,77,2,57,"4",TRUE
"33693",75,73,2,71,"3A",FALSE
"33694",77,76,2,38,"4",TRUE
"33705",46,45,2,13,"4",TRUE
"33741",NA,68,1,323,"2B",FALSE
"33766",NA,65,1,299,"3A",FALSE
"33769",37,36,2,57,"4",TRUE
"33793",78,78,2,7,"4",TRUE
"33795",67,67,2,9,"3A",FALSE
"33811",75,74,2,82,"3A",FALSE
"33846",51,50,2,30,"4",TRUE
"33876",86,86,2,2,"4",TRUE
"33899",57,56,2,76,"4",TRUE
"33911",90,88,2,63,"2B",FALSE
"33951",86,86,2,1,"4",TRUE
"33994",72,72,2,4,"4",TRUE
"33996",76,75,2,5,"4",TRUE
"34037",72,68,2,208,"2A",FALSE
"34042",90,89,2,67,"4",TRUE
"34060",80,80,2,42,"3A",FALSE
"34065",78,78,2,4,"4",TRUE
"34090",76,73,2,130,"3A",FALSE
"34123",63,63,2,4,"3A",FALSE
"34130",54,54,2,11,"4",TRUE
"34134",67,66,2,56,"4",TRUE
"34137",NA,68,1,288,"2A",FALSE
"34149",NA,81,1,243,"3A",FALSE
"34150",74,74,2,28,"4",TRUE
"34167",92,91,2,39,"2B",FALSE
"34185",69,69,2,14,"4",TRUE
"34187",66,65,2,36,"4",TRUE
"34194",45,44,2,38,"4",TRUE
"34201",67,65,2,89,"3A",FALSE
"34270",86,86,2,40,"2A",FALSE
"34286",80,79,2,86,"3A",FALSE
"34288",78,77,2,30,"2B",FALSE
"34297",76,75,2,65,"3A",FALSE
"34353",84,84,2,20,"3A",FALSE
"34450",58,58,2,1,"4",TRUE
"34456",76,74,2,107,"2A",FALSE
"34479",79,77,2,84,"4",TRUE
"34522",75,75,2,1,"4",TRUE
"34523",77,74,2,131,"2A",FALSE
"34560",NA,82,1,287,"3A",FALSE
"34582",73,73,2,1,"4",TRUE
"34661",67,67,2,9,"2A",FALSE
"34673",NA,75,1,273,"2A",FALSE
"34743",55,52,2,120,"3A",FALSE
"34762",74,73,2,20,"4",TRUE
"34764",70,70,2,0,"4",TRUE
"34790",78,77,2,13,"4",TRUE
"34794",77,76,2,35,"4",TRUE
"34849",86,86,2,3,"4",TRUE
"34863",73,72,2,76,"3A",FALSE
"34872",77,76,2,34,"4",TRUE
"34925",64,63,2,7,"4",TRUE
"34947",84,80,2,229,"4",TRUE
"34967",82,82,2,9,"4",TRUE
"34988",67,67,2,12,"4",TRUE
"34997",60,60,2,4,"4",TRUE
"35001",71,71,2,14,"4",TRUE
"35008",75,75,2,13,"3A",FALSE
"35023",79,79,2,2,"4",TRUE
"35100",80,79,2,38,"3A",FALSE
"35145",82,79,2,147,"4",TRUE
"35158",NA,75,1,293,"2B",FALSE
"35159",64,64,2,14,"3A",FALSE
"35177",NA,75,1,293,"3A",FALSE
"35227",NA,80,1,293,"3A",FALSE
"35229",70,70,2,10,"3A",FALSE
"35241",71,70,2,15,"4",TRUE
"35260",72,71,2,39,"4",TRUE
"35275",76,76,2,7,"3A",FALSE
"35282",78,76,2,114,"2B",FALSE
"35286",59,59,2,0,"4",TRUE
"35305",NA,74,1,293,"2A",FALSE
"35342",64,62,2,71,"4",TRUE
"35378",58,56,2,100,"4",TRUE
"35384",79,79,2,2,"4",TRUE
"35402",53,53,2,1,"4",TRUE
"35419",72,72,2,3,"4",TRUE
"35421",68,67,2,48,"4",TRUE
"35422",65,64,2,40,"4",TRUE
"35444",81,81,2,8,"4",TRUE
"35456",66,66,2,16,"4",TRUE
"35543",NA,64,1,290,"3A",FALSE
"35547",79,79,2,10,"4",TRUE
"35560",66,61,2,224,"3A",FALSE
"35569",NA,60,1,289,"4",TRUE
"35597",88,87,2,46,"3A",FALSE
"35602",61,60,2,44,"3A",FALSE
"35630",76,75,2,17,"4",TRUE
"35641",73,73,2,14,"4",TRUE
"35644",NA,59,1,289,"3A",FALSE
"35664",62,62,2,9,"4",TRUE
"35667",81,81,2,22,"3A",FALSE
"35705",55,55,2,11,"4",TRUE
"35716",65,65,2,15,"4",TRUE
"35748",70,70,2,11,"4",TRUE
"35780",65,64,2,65,"4",TRUE
"35782",67,67,2,11,"3A",FALSE
"35812",59,59,2,5,"4",TRUE
"35871",61,60,2,14,"4",TRUE
"35874",69,69,2,29,"3A",FALSE
"35906",62,62,2,10,"4",TRUE
"35913",63,63,2,2,"4",TRUE
"35920",80,80,2,25,"4",TRUE
"35932",NA,64,1,285,"2A",FALSE
"35939",78,77,2,33,"4",TRUE
"36005",59,58,2,44,"2A",FALSE
"36008",60,59,2,38,"4",TRUE
"36042",62,61,2,60,"4",TRUE
"36090",78,77,2,25,"4",TRUE
"36141",68,67,2,24,"4",TRUE
"36185",79,79,2,4,"4",TRUE
"36191",NA,69,1,285,"2A",FALSE
"36223",43,42,2,15,"4",TRUE
"36231",67,67,2,0,"3A",FALSE
"36236",49,49,2,2,"4",TRUE
"36258",79,79,2,5,"4",TRUE
"36291",81,81,2,29,"3A",FALSE
"36311",76,75,2,41,"3A",FALSE
"36313",54,53,2,14,"4",TRUE
"36343",82,82,2,27,"4",TRUE
"36360",NA,45,1,283,"2A",FALSE
"36370",65,63,2,115,"4",TRUE
"36376",NA,68,1,283,"3A",FALSE
"36390",55,54,2,37,"4",TRUE
"36393",NA,75,1,281,"2B",FALSE
"36394",72,72,2,26,"4",TRUE
"36395",81,77,2,174,"3A",FALSE
"36448",84,84,2,1,"4",TRUE
"36450",72,72,2,9,"4",TRUE
"36471",68,68,2,20,"4",TRUE
"36491",48,48,2,10,"4",TRUE
"36513",75,73,2,97,"3A",FALSE
"36548",80,79,2,32,"4",TRUE
"36564",48,47,2,72,"4",TRUE
"36565",NA,63,1,279,"2A",FALSE
"36618",63,62,2,50,"4",TRUE
"36620",NA,66,1,279,"2A",FALSE
"36639",69,69,2,5,"4",TRUE
"36642",79,79,2,7,"4",TRUE
"36658",NA,75,1,278,"2B",FALSE
"36713",65,65,2,6,"4",TRUE
"36715",76,75,2,24,"3A",FALSE
"36724",57,56,2,89,"3A",FALSE
"36753",83,81,2,72,"4",TRUE
"36837",59,57,2,94,"4",TRUE
"36883",82,82,2,7,"4",TRUE
"36896",72,72,2,1,"4",TRUE
"36905",67,67,2,16,"4",TRUE
"36917",74,72,2,85,"4",TRUE
"36950",81,77,2,236,"3A",FALSE
"36958",61,61,2,11,"4",TRUE
"36995",59,57,2,128,"4",TRUE
"36997",67,67,2,32,"3A",FALSE
"37005",62,62,2,1,"4",TRUE
"37020",63,63,2,22,"4",TRUE
"37130",65,64,2,34,"3A",FALSE
"37131",70,66,2,204,"2B",FALSE
"37140",63,62,2,31,"4",TRUE
"37159",57,57,2,16,"4",TRUE
"37181",79,75,2,234,"3A",FALSE
"37189",84,84,2,2,"4",TRUE
"37190",84,82,2,108,"3A",FALSE
"37195",62,62,2,12,"4",TRUE
"37216",63,61,2,104,"3A",FALSE
"37260",69,69,2,7,"4",TRUE
"37264",NA,54,1,272,"4",TRUE
"37271",52,50,2,96,"4",TRUE
"37307",71,68,2,139,"3A",FALSE
"37325",63,60,2,116,"2B",FALSE
"37346",58,57,2,21,"4",TRUE
"37390",49,49,2,6,"4",TRUE
"37418",72,72,2,18,"4",TRUE
"37421",80,79,2,21,"4",TRUE
"37427",61,60,2,41,"4",TRUE
"37474",58,55,2,140,"4",TRUE
"37486",77,76,2,14,"4",TRUE
"37490",66,66,2,0,"2A",FALSE
"37493",77,77,2,5,"4",TRUE
"37504",79,79,2,5,"4",TRUE
"37507",52,51,2,7,"4",TRUE
"37554",78,77,2,14,"3A",FALSE
"37584",70,68,2,99,"3A",FALSE
"37594",65,64,2,67,"4",TRUE
"37622",78,78,2,9,"4",TRUE
"37646",81,79,2,85,"2B",FALSE
"37675",53,52,2,26,"4",TRUE
"37677",73,70,2,159,"3A",FALSE
"37708",62,62,2,10,"4",TRUE
"37713",56,55,2,72,"4",TRUE
"37748",71,69,2,99,"3A",FALSE
"37752",61,60,2,22,"4",TRUE
"37782",72,67,2,229,"4",TRUE
"37784",66,65,2,37,"4",TRUE
"37802",89,87,2,121,"3A",FALSE
"37810",67,66,2,58,"3A",FALSE
"37833",72,71,2,33,"4",TRUE
"37836",67,66,2,6,"4",TRUE
"37843",77,77,2,20,"4",TRUE
"37848",47,47,2,15,"4",TRUE
"37870",65,65,2,8,"4",TRUE
"37877",60,60,2,18,"4",TRUE
"37886",75,75,2,7,"4",TRUE
"37962",78,77,2,30,"2B",FALSE
"37967",77,77,2,3,"4",TRUE
"37970",50,48,2,88,"3A",FALSE
"37978",72,70,2,86,"3A",FALSE
"38000",53,52,2,17,"4",TRUE
"38030",NA,80,1,263,"3A",FALSE
"38038",73,73,2,28,"2B",FALSE
"38076",76,74,2,86,"4",TRUE
"38093",60,60,2,4,"4",TRUE
"38106",NA,56,1,270,"3A",FALSE
"38113",NA,58,1,277,"2B",FALSE
"38118",63,62,2,26,"4",TRUE
"38126",NA,53,1,272,"3A",FALSE
"38189",68,68,2,15,"4",TRUE
"38210",89,89,2,8,"4",TRUE
"38227",67,67,2,5,"4",TRUE
"38231",72,72,2,8,"3A",FALSE
"38235",57,56,2,37,"2A",FALSE
"38263",66,65,2,43,"4",TRUE
"38303",76,76,2,7,"4",TRUE
"38372",66,64,2,121,"3A",FALSE
"38390",NA,63,1,259,"4",TRUE
"38420",65,65,2,19,"4",TRUE
"38425",71,71,2,6,"4",TRUE
"38434",65,64,2,50,"4",TRUE
"38460",68,65,2,163,"2A",FALSE
"38473",79,79,2,12,"3A",FALSE
"38478",62,61,2,13,"4",TRUE
"38488",86,86,2,1,"4",TRUE
"38490",81,79,2,105,"4",TRUE
"38498",74,74,2,33,"3A",FALSE
"38526",NA,67,1,258,"3A",FALSE
"38537",68,67,2,32,"4",TRUE
"38551",66,66,2,32,"4",TRUE
"38556",70,70,2,10,"4",TRUE
"38576",73,71,2,89,"4",TRUE
"38631",57,57,2,40,"4",TRUE
"38635",74,73,2,46,"2B",FALSE
"38648",NA,60,1,256,"2A",FALSE
"38649",59,57,2,72,"3A",FALSE
"38662",NA,58,1,260,"4",TRUE
"38726",69,69,2,3,"4",TRUE
"38733",83,81,2,109,"2B",FALSE
"38754",61,60,2,26,"4",TRUE
"38807",55,53,2,78,"2B",FALSE
"38862",80,80,2,2,"4",TRUE
"38878",81,81,2,16,"4",TRUE
"38953",55,55,2,10,"4",TRUE
"39053",63,59,2,200,"3A",FALSE
"39073",64,64,2,32,"4",TRUE
"39099",68,66,2,101,"3A",FALSE
"39115",82,82,2,21,"4",TRUE
"39116",75,75,2,5,"4",TRUE
"39121",72,71,2,13,"4",TRUE
"39130",72,71,2,58,"4",TRUE
"39131",67,67,2,7,"4",TRUE
"39132",61,61,2,12,"4",TRUE
"39154",59,58,2,32,"4",TRUE
"39216",56,55,2,21,"4",TRUE
"39226",78,78,2,12,"4",TRUE
"39237",80,80,2,14,"4",TRUE
"39238",80,78,2,133,"2B",FALSE
"39263",83,81,2,89,"3A",FALSE
"39294",74,73,2,61,"4",TRUE
"39319",66,65,2,52,"3A",FALSE
"39340",48,47,2,11,"4",TRUE
"39342",52,52,2,7,"4",TRUE
"39356",79,79,2,3,"4",TRUE
"39360",64,64,2,1,"4",TRUE
"39379",63,62,2,16,"4",TRUE
"39389",47,47,2,31,"4",TRUE
"39413",NA,59,1,248,"3A",FALSE
"39419",74,72,2,132,"2A",FALSE
"39492",79,78,2,10,"4",TRUE
"39521",66,65,2,13,"4",TRUE
"39527",68,68,2,4,"4",TRUE
"39558",NA,66,1,246,"3A",FALSE
"39567",80,80,2,27,"3A",FALSE
"39580",NA,70,1,248,"2A",FALSE
"39597",67,67,2,3,"4",TRUE
"39607",71,71,2,22,"4",TRUE
"39611",53,53,2,19,"4",TRUE
"39635",61,59,2,98,"4",TRUE
"39646",55,55,2,6,"4",TRUE
"39661",73,73,2,6,"4",TRUE
"39673",52,51,2,52,"4",TRUE
"39730",58,58,2,4,"4",TRUE
"39789",72,72,2,21,"3A",FALSE
"39804",NA,73,1,245,"2B",FALSE
"39813",NA,72,1,245,"2B",FALSE
"39814",75,71,2,224,"2B",FALSE
"39839",75,74,2,19,"4",TRUE
"39870",65,64,2,47,"4",TRUE
"39877",76,75,2,12,"4",TRUE
"39878",54,54,2,15,"4",TRUE
"39889",48,47,2,29,"4",TRUE
"39915",65,65,2,2,"4",TRUE
"39924",68,66,2,75,"4",TRUE
"39926",36,36,2,19,"4",TRUE
"39937",74,73,2,47,"4",TRUE
"39964",67,66,2,85,"4",TRUE
"39967",NA,63,1,271,"2A",FALSE
"40026",77,77,2,17,"3A",FALSE
"40034",59,58,2,48,"4",TRUE
"40053",51,49,2,82,"4",TRUE
"40076",58,58,2,3,"4",TRUE
"40088",79,79,2,12,"4",TRUE
"40106",83,80,2,133,"3A",FALSE
"40113",NA,55,1,260,"3A",FALSE
"40150",54,51,2,141,"3A",FALSE
"40154",80,80,2,4,"4",TRUE
"40155",66,65,2,25,"4",TRUE
"40236",69,65,2,204,"2A",FALSE
"40237",63,63,2,33,"3A",FALSE
"40255",85,85,2,22,"4",TRUE
"40279",76,75,2,65,"3A",FALSE
"40298",75,73,2,79,"4",TRUE
"40323",48,48,2,11,"4",TRUE
"40325",53,51,2,115,"4",TRUE
"40347",66,66,2,4,"4",TRUE
"40358",52,51,2,63,"3A",FALSE
"40359",61,60,2,45,"4",TRUE
"40377",70,70,2,13,"4",TRUE
"40389",69,69,2,28,"4",TRUE
"40396",74,73,2,57,"3A",FALSE
"40408",69,65,2,168,"3A",FALSE
"40423",82,79,2,136,"3A",FALSE
"40442",78,78,2,5,"4",TRUE
"40464",83,83,2,7,"4",TRUE
"40499",63,63,2,8,"4",TRUE
"40512",81,81,2,22,"4",TRUE
"40520",61,61,2,5,"4",TRUE
"40567",47,47,2,13,"4",TRUE
"40643",89,89,2,3,"4",TRUE
"40647",91,91,2,7,"4",TRUE
"40652",81,80,2,26,"3A",FALSE
"40661",76,75,2,48,"4",TRUE
"40672",83,82,2,42,"4",TRUE
"40697",85,84,2,44,"3A",FALSE
"40714",56,53,2,114,"4",TRUE
"40715",68,67,2,47,"2B",FALSE
"40763",NA,75,1,200,"4",TRUE
"40776",73,69,2,170,"3A",FALSE
"40792",62,62,2,24,"3A",FALSE
"40797",57,57,2,6,"4",TRUE
"40799",54,54,2,12,"4",TRUE
"40804",92,92,2,6,"4",TRUE
"40816",85,85,2,17,"3A",FALSE
"40835",77,77,2,1,"3A",FALSE
"40840",72,72,2,10,"4",TRUE
"40857",77,77,2,5,"4",TRUE
"40870",76,75,2,21,"4",TRUE
"40879",71,69,2,133,"3A",FALSE
"40882",75,75,2,5,"4",TRUE
"40889",64,63,2,51,"3A",FALSE
"40903",91,91,2,9,"4",TRUE
"40911",75,75,2,6,"4",TRUE
"41025",80,79,2,23,"4",TRUE
"41026",80,79,2,29,"4",TRUE
"41031",79,76,2,161,"4",TRUE
"41037",71,70,2,68,"4",TRUE
"41056",NA,59,1,198,"2A",FALSE
"41068",71,69,2,79,"2B",FALSE
"41080",74,73,2,26,"4",TRUE
"41106",90,89,2,66,"4",TRUE
"41133",68,68,2,0,"4",TRUE
"41134",67,67,2,9,"4",TRUE
"41147",77,74,2,151,"3A",FALSE
"41188",73,73,2,14,"4",TRUE
"41191",76,75,2,43,"4",TRUE
"41199",74,74,2,12,"4",TRUE
"41223",87,86,2,39,"4",TRUE
"41224",72,72,2,0,"4",TRUE
"41232",70,70,2,2,"4",TRUE
"41242",77,77,2,9,"4",TRUE
"41261",82,81,2,9,"4",TRUE
"41269",51,51,2,0,"4",TRUE
"41280",73,72,2,7,"4",TRUE
"41302",NA,78,1,225,"3A",FALSE
"41343",52,52,2,6,"4",TRUE
"41363",67,67,2,22,"2A",FALSE
"41381",66,66,2,14,"3A",FALSE
"41384",NA,73,1,210,"2A",FALSE
"41416",84,84,2,27,"3A",FALSE
"41438",71,71,2,15,"4",TRUE
"41443",60,60,2,7,"2A",FALSE
"41448",88,87,2,17,"4",TRUE
"41482",71,70,2,13,"4",TRUE
"41488",50,49,2,45,"4",TRUE
"41510",85,84,2,26,"4",TRUE
"41535",65,64,2,24,"4",TRUE
"41580",68,67,2,74,"4",TRUE
"41601",78,77,2,24,"3A",FALSE
"41641",57,56,2,9,"4",TRUE
"41677",70,70,2,1,"4",TRUE
"41683",NA,79,1,218,"2A",FALSE
"41685",76,74,2,79,"4",TRUE
"41694",NA,65,1,242,"4",TRUE
"41707",42,41,2,12,"4",TRUE
"41715",NA,64,1,234,"4",TRUE
"41727",NA,85,1,242,"2A",FALSE
"41735",69,69,2,7,"4",TRUE
"41736",79,79,2,15,"4",TRUE
"41774",65,64,2,36,"3A",FALSE
"41780",54,52,2,92,"3A",FALSE
"41788",74,74,2,6,"4",TRUE
"41797",66,65,2,13,"4",TRUE
"41825",78,75,2,186,"3A",FALSE
"41851",63,62,2,19,"3A",FALSE
"41889",67,67,2,1,"4",TRUE
"41908",82,79,2,142,"3A",FALSE
"41913",67,66,2,39,"3A",FALSE
"41953",58,57,2,53,"3A",FALSE
"41962",64,64,2,14,"4",TRUE
"41970",69,68,2,58,"4",TRUE
"41974",63,63,2,5,"4",TRUE
"42006",NA,72,1,238,"2B",FALSE
"42007",67,66,2,19,"4",TRUE
"42011",78,78,2,2,"4",TRUE
"42026",71,71,2,0,"4",TRUE
"42032",78,77,2,30,"4",TRUE
"42093",83,81,2,91,"4",TRUE
"42147",85,85,2,7,"4",TRUE
"42222",NA,70,1,236,"2A",FALSE
"42246",77,76,2,7,"4",TRUE
"42262",NA,70,1,236,"3A",FALSE
"42294",83,83,2,13,"4",TRUE
"42310",68,68,2,34,"4",TRUE
"42377",66,65,2,53,"4",TRUE
"42379",NA,68,1,235,"2B",FALSE
"42424",64,63,2,64,"4",TRUE
"42427",NA,69,1,233,"3A",FALSE
"42432",NA,57,1,240,"4",TRUE
"42435",69,69,2,9,"4",TRUE
"42460",66,65,2,20,"4",TRUE
"42504",66,64,2,95,"3A",FALSE
"42515",NA,42,1,234,"4",TRUE
"42528",53,53,2,8,"3A",FALSE
"42558",55,55,2,20,"4",TRUE
"42611",82,82,2,1,"4",TRUE
"42621",65,65,2,7,"4",TRUE
"42675",NA,72,1,226,"3A",FALSE
"42692",36,35,2,47,"4",TRUE
"42697",NA,37,1,234,"4",TRUE
"42763",66,66,2,16,"3A",FALSE
"42775",70,70,2,8,"4",TRUE
"42789",NA,57,1,228,"3A",FALSE
"42844",42,41,2,25,"4",TRUE
"42847",63,63,2,29,"4",TRUE
"42873",71,70,2,55,"3A",FALSE
"42899",62,62,2,14,"4",TRUE
"42927",NA,49,1,227,"3A",FALSE
"42928",73,71,2,93,"4",TRUE
"42940",80,79,2,33,"4",TRUE
"42947",NA,65,1,196,"3A",FALSE
"42975",67,66,2,41,"4",TRUE
"42981",61,61,2,6,"4",TRUE
"42996",50,50,2,29,"4",TRUE
"43003",58,57,2,39,"4",TRUE
"43036",75,74,2,50,"4",TRUE
"43050",43,43,2,20,"4",TRUE
"43076",58,57,2,21,"4",TRUE
"43098",78,78,2,4,"4",TRUE
"43107",54,51,2,163,"4",TRUE
"43108",81,81,2,4,"4",TRUE
"43130",67,67,2,7,"4",TRUE
"43145",60,60,2,6,"4",TRUE
"43146",56,55,2,35,"3A",FALSE
"43154",56,56,2,3,"4",TRUE
"43200",63,62,2,19,"4",TRUE
"43223",72,71,2,50,"4",TRUE
"43233",76,75,2,22,"4",TRUE
"43268",66,65,2,11,"4",TRUE
"43277",78,74,2,198,"4",TRUE
"43343",80,80,2,6,"4",TRUE
"43347",NA,79,1,218,"3A",FALSE
"43362",85,85,2,10,"2B",FALSE
"43387",NA,80,1,242,"4",TRUE
"43395",75,74,2,53,"3A",FALSE
"43424",82,81,2,16,"4",TRUE
"43448",54,53,2,66,"2B",FALSE
"43470",73,70,2,155,"3A",FALSE
"43476",80,79,2,16,"4",TRUE
"43508",79,75,2,199,"2A",FALSE
"43523",68,67,2,53,"4",TRUE
"43552",56,56,2,5,"4",TRUE
"43579",NA,74,1,228,"2B",FALSE
"43595",65,65,2,3,"4",TRUE
"43598",NA,75,1,227,"4",TRUE
"43606",74,74,2,11,"4",TRUE
"43617",53,52,2,53,"4",TRUE
"43624",66,66,2,4,"4",TRUE
"43629",NA,63,1,222,"3A",FALSE
"43646",81,80,2,56,"2B",FALSE
"43690",64,64,2,3,"3A",FALSE
"43693",82,82,2,13,"4",TRUE
"43694",71,71,2,19,"4",TRUE
"43714",63,62,2,59,"3A",FALSE
"43728",60,60,2,36,"3A",FALSE
"43747",70,69,2,32,"4",TRUE
"43763",84,82,2,112,"3A",FALSE
"43776",NA,74,1,214,"3A",FALSE
"43782",71,70,2,15,"4",TRUE
"43786",67,66,2,17,"4",TRUE
"43789",56,55,2,21,"4",TRUE
"43799",70,68,2,70,"4",TRUE
"43804",81,80,2,20,"4",TRUE
"43808",64,64,2,5,"4",TRUE
"43820",51,50,2,25,"4",TRUE
"43850",58,57,2,15,"4",TRUE
"43884",57,57,2,30,"3A",FALSE
"43898",53,52,2,43,"4",TRUE
"43910",62,61,2,55,"3A",FALSE
"43933",61,61,2,13,"4",TRUE
"43947",68,68,2,5,"4",TRUE
"43948",NA,61,1,204,"3A",FALSE
"43949",49,49,2,23,"4",TRUE
"43953",NA,69,1,216,"2A",FALSE
"43973",69,68,2,73,"4",TRUE
"44025",NA,61,1,201,"2B",FALSE
"44029",64,62,2,56,"4",TRUE
"44044",88,88,2,9,"4",TRUE
"44047",NA,66,1,223,"4",TRUE
"44072",50,49,2,19,"4",TRUE
"44075",66,66,2,3,"4",TRUE
"44102",61,60,2,36,"4",TRUE
"44127",NA,66,1,224,"3A",FALSE
"44132",67,67,2,31,"4",TRUE
"44154",63,62,2,18,"4",TRUE
"44166",54,51,2,115,"3A",FALSE
"44180",44,43,2,19,"3A",FALSE
"44181",NA,70,1,222,"3A",FALSE
"44218",79,79,2,24,"4",TRUE
"44219",68,67,2,50,"4",TRUE
"44253",66,65,2,23,"4",TRUE
"44269",70,70,2,3,"4",TRUE
"44289",71,70,2,48,"3A",FALSE
"44290",65,62,2,154,"3A",FALSE
"44294",NA,66,1,220,"2A",FALSE
"44307",77,77,2,1,"4",TRUE
"44382",65,61,2,190,"4",TRUE
"44385",72,71,2,47,"4",TRUE
"44386",71,71,2,13,"4",TRUE
"44454",70,69,2,79,"3A",FALSE
"44494",55,54,2,60,"3A",FALSE
"44563",58,58,2,7,"4",TRUE
"44605",69,68,2,32,"3A",FALSE
"44627",84,84,2,8,"4",TRUE
"44667",67,66,2,25,"3A",FALSE
"44719",71,69,2,114,"3A",FALSE
"44722",NA,71,1,216,"3A",FALSE
"44724",47,44,2,152,"2A",FALSE
"44729",84,83,2,31,"4",TRUE
"44750",69,67,2,66,"4",TRUE
"44757",81,81,2,9,"4",TRUE
"44774",76,76,2,11,"4",TRUE
"44802",58,55,2,177,"3A",FALSE
"44838",85,84,2,90,"4",TRUE
"44858",66,65,2,53,"4",TRUE
"44866",76,75,2,37,"3A",FALSE
"44900",55,52,2,147,"3A",FALSE
"44906",NA,67,1,212,"4",TRUE
"44918",69,69,2,7,"4",TRUE
"44934",74,74,2,5,"4",TRUE
"44940",78,77,2,82,"2A",FALSE
"44951",65,64,2,38,"4",TRUE
"44969",NA,59,1,214,"2B",FALSE
"44982",73,72,2,14,"4",TRUE
"45034",73,71,2,121,"3A",FALSE
"45038",57,56,2,37,"4",TRUE
"45047",75,75,2,6,"4",TRUE
"45061",59,58,2,34,"4",TRUE
"45079",64,64,2,2,"4",TRUE
"45151",66,66,2,5,"4",TRUE
"45153",NA,65,1,211,"3A",FALSE
"45162",79,78,2,45,"4",TRUE
"45168",64,63,2,56,"4",TRUE
"45170",NA,61,1,209,"3A",FALSE
"45172",78,77,2,39,"4",TRUE
"45181",62,61,2,53,"4",TRUE
"45213",64,63,2,56,"4",TRUE
"45215",NA,74,1,210,"3A",FALSE
"45256",80,80,2,7,"4",TRUE
"45293",78,78,2,26,"4",TRUE
"45326",69,68,2,61,"3A",FALSE
"45334",68,68,2,5,"4",TRUE
"45336",68,66,2,114,"3A",FALSE
"45340",51,51,2,33,"4",TRUE
"45376",59,57,2,98,"4",TRUE
"45399",74,74,2,8,"4",TRUE
"45410",62,61,2,25,"4",TRUE
"45422",65,63,2,107,"4",TRUE
"45468",73,73,2,15,"4",TRUE
"45470",78,77,2,75,"4",TRUE
"45486",89,89,2,36,"2B",FALSE
"45498",NA,65,1,206,"2B",FALSE
"45521",75,74,2,8,"4",TRUE
"45560",73,73,2,10,"4",TRUE
"45599",NA,46,1,207,"4",TRUE
"45601",64,64,2,11,"4",TRUE
"45631",56,55,2,31,"4",TRUE
"45647",NA,63,1,204,"2A",FALSE
"45660",71,71,2,3,"4",TRUE
"45700",66,65,2,45,"3A",FALSE
"45721",62,62,2,17,"4",TRUE
"45751",63,63,2,4,"4",TRUE
"45777",88,88,2,27,"4",TRUE
"45848",56,55,2,33,"4",TRUE
"45860",NA,74,1,202,"3A",FALSE
"45897",63,62,2,25,"4",TRUE
"45952",60,60,2,23,"4",TRUE
"45953",78,77,2,32,"4",TRUE
"45996",82,82,2,22,"4",TRUE
"45998",81,81,2,49,"4",TRUE
"46002",93,92,2,19,"4",TRUE
"46032",54,54,2,32,"4",TRUE
"46035",72,72,2,2,"4",TRUE
"46049",68,66,2,123,"3A",FALSE
"46051",70,70,2,4,"3A",FALSE
"46088",NA,59,1,201,"3A",FALSE
"46104",80,80,2,17,"4",TRUE
"46153",61,61,2,3,"4",TRUE
"46165",NA,69,1,198,"2B",FALSE
"46175",88,87,2,1,"4",TRUE
"46180",58,56,2,81,"3A",FALSE
"46186",NA,52,1,199,"4",TRUE
"46188",75,72,2,164,"2A",FALSE
"46203",63,62,2,54,"4",TRUE
"46233",NA,78,1,197,"4",TRUE
"46268",NA,66,1,198,"3A",FALSE
"46278",65,64,2,49,"4",TRUE
"46284",77,76,2,17,"3A",FALSE
"46305",71,70,2,20,"4",TRUE
"46312",72,72,2,1,"4",TRUE
"46334",NA,53,1,198,"3A",FALSE
"46364",76,74,2,115,"4",TRUE
"46458",NA,66,1,196,"2A",FALSE
"46549",89,89,2,3,"4",TRUE
"46551",68,68,2,24,"3A",FALSE
"46567",77,75,2,106,"4",TRUE
"46576",59,58,2,61,"2A",FALSE
"46601",86,85,2,46,"4",TRUE
"46605",84,83,2,49,"4",TRUE
"46637",58,58,2,9,"4",TRUE
"46655",73,73,2,1,"4",TRUE
"46659",57,56,2,24,"4",TRUE
"46661",NA,50,1,194,"4",TRUE
"46685",53,52,2,46,"4",TRUE
"46700",53,52,2,26,"4",TRUE
"46704",69,69,2,4,"4",TRUE
"46709",66,65,2,62,"4",TRUE
"46710",68,67,2,64,"4",TRUE
"46724",NA,58,1,194,"2B",FALSE
"46740",80,80,2,20,"4",TRUE
"46758",64,64,2,2,"4",TRUE
"46778",58,57,2,26,"4",TRUE
"46820",66,66,2,6,"4",TRUE
"46849",57,57,2,23,"4",TRUE
"46855",58,57,2,53,"2B",FALSE
"46873",76,75,2,27,"4",TRUE
"46875",NA,69,1,190,"3A",FALSE
"46877",64,63,2,70,"4",TRUE
"46885",63,63,2,6,"4",TRUE
"46887",82,81,2,57,"2A",FALSE
"46900",53,52,2,63,"2B",FALSE
"46925",NA,67,1,190,"4",TRUE
"46942",76,76,2,5,"4",TRUE
"46960",70,70,2,13,"4",TRUE
"46984",73,73,2,8,"4",TRUE
"47027",66,66,2,18,"4",TRUE
"47049",59,59,2,3,"4",TRUE
"47050",75,74,2,34,"4",TRUE
"47086",63,61,2,68,"2B",FALSE
"47088",73,72,2,67,"4",TRUE
"47089",49,49,2,7,"4",TRUE
"47103",72,71,2,59,"4",TRUE
"47109",76,75,2,54,"4",TRUE
"47114",73,70,2,171,"3A",FALSE
"47163",59,58,2,19,"3A",FALSE
"47183",NA,53,1,200,"3A",FALSE
"47213",61,60,2,69,"4",TRUE
"47239",71,71,2,16,"4",TRUE
"47246",76,76,2,43,"4",TRUE
"47247",NA,72,1,229,"4",TRUE
"47264",59,58,2,18,"4",TRUE
"47352",83,82,2,56,"3A",FALSE
"47364",82,82,2,2,"4",TRUE
"47379",61,60,2,52,"4",TRUE
"47387",43,43,2,37,"4",TRUE
"47407",81,81,2,14,"4",TRUE
"47455",79,78,2,53,"4",TRUE
"47487",72,70,2,85,"4",TRUE
"47493",NA,68,1,177,"3A",FALSE
"47499",NA,68,1,150,"2B",FALSE
"47502",67,67,2,16,"4",TRUE
"47508",68,65,2,121,"4",TRUE
"47516",NA,60,1,185,"3A",FALSE
"47525",56,54,2,80,"3A",FALSE
"47552",67,67,2,14,"4",TRUE
"47570",77,76,2,27,"3A",FALSE
"47593",79,78,2,27,"4",TRUE
"47643",84,81,2,126,"2B",FALSE
"47659",NA,79,1,150,"2A",FALSE
"47665",86,85,2,65,"2A",FALSE
"47683",76,76,2,4,"4",TRUE
"47713",83,83,2,12,"4",TRUE
"47719",75,75,2,4,"4",TRUE
"47738",NA,62,1,171,"3A",FALSE
"47740",NA,75,1,140,"3A",FALSE
"47747",87,85,2,84,"4",TRUE
"47810",61,59,2,90,"4",TRUE
"47818",55,54,2,21,"4",TRUE
"47823",61,60,2,57,"4",TRUE
"47835",78,77,2,59,"2B",FALSE
"47848",NA,63,1,162,"4",TRUE
"47860",81,81,2,4,"4",TRUE
"47861",82,81,2,19,"3A",FALSE
"47862",82,81,2,66,"4",TRUE
"47868",74,74,2,0,"4",TRUE
"47886",82,80,2,53,"4",TRUE
"47893",72,71,2,21,"4",TRUE
"47894",86,86,2,14,"2B",FALSE
"47931",86,85,2,26,"4",TRUE
"48030",71,70,2,72,"2A",FALSE
"48054",66,66,2,5,"4",TRUE
"48059",NA,73,1,153,"3A",FALSE
"48064",88,88,2,8,"4",TRUE
"48091",78,78,2,0,"3A",FALSE
"48092",68,67,2,35,"2A",FALSE
"48097",75,74,2,37,"4",TRUE
"48121",53,52,2,36,"4",TRUE
"48146",77,76,2,55,"4",TRUE
"48168",77,76,2,62,"4",TRUE
"48179",82,82,2,30,"4",TRUE
"48207",73,73,2,2,"4",TRUE
"48230",NA,75,1,186,"3A",FALSE
"48233",66,66,2,20,"4",TRUE
"48255",NA,75,1,144,"4",TRUE
"48296",76,76,2,15,"3A",FALSE
"48337",87,87,2,14,"4",TRUE
"48351",57,56,2,47,"4",TRUE
"48380",80,79,2,92,"4",TRUE
"48478",77,76,2,16,"4",TRUE
"48519",65,63,2,119,"3A",FALSE
"48530",NA,78,1,139,"3A",FALSE
"48596",80,80,2,8,"4",TRUE
"48678",52,51,2,18,"4",TRUE
"48680",NA,76,1,188,"3A",FALSE
"48697",NA,67,1,188,"3A",FALSE
"48733",67,67,2,20,"4",TRUE
"48752",NA,66,1,144,"3A",FALSE
"48754",77,75,2,67,"4",TRUE
"48778",72,71,2,55,"4",TRUE
"48826",60,60,2,0,"4",TRUE
"48831",NA,67,1,187,"2A",FALSE
"48844",73,73,2,5,"4",TRUE
"48853",72,71,2,75,"4",TRUE
"48865",59,57,2,103,"4",TRUE
"48897",74,73,2,30,"4",TRUE
"48904",51,50,2,34,"4",TRUE
"48909",54,53,2,52,"4",TRUE
"48953",67,66,2,7,"4",TRUE
"48960",77,77,2,12,"4",TRUE
"48963",NA,78,1,186,"4",TRUE
"49012",83,82,2,38,"4",TRUE
"49020",66,65,2,71,"4",TRUE
"49023",60,60,2,22,"4",TRUE
"49064",61,60,2,45,"4",TRUE
"49073",74,72,2,116,"3A",FALSE
"49079",NA,60,1,184,"4",TRUE
"49089",NA,60,1,184,"4",TRUE
"49123",71,70,2,14,"4",TRUE
"49124",73,72,2,19,"4",TRUE
"49261",59,59,2,11,"4",TRUE
"49321",NA,58,1,186,"3A",FALSE
"49335",71,68,2,126,"2B",FALSE
"49336",54,53,2,19,"4",TRUE
"49389",NA,74,1,181,"2B",FALSE
"49446",70,67,2,132,"2B",FALSE
"49452",72,71,2,78,"3A",FALSE
"49503",70,69,2,18,"4",TRUE
"49546",84,84,2,13,"3A",FALSE
"49549",76,74,2,96,"2A",FALSE
"49617",84,81,2,107,"4",TRUE
"49650",76,76,2,10,"4",TRUE
"49706",NA,60,1,180,"3A",FALSE
"49718",56,56,2,10,"4",TRUE
"49719",NA,74,1,179,"4",TRUE
"49763",NA,41,1,179,"3A",FALSE
"49798",76,75,2,79,"3A",FALSE
"49801",NA,64,1,178,"2B",FALSE
"49803",65,64,2,26,"4",TRUE
"49829",74,74,2,34,"4",TRUE
"49840",75,74,2,35,"4",TRUE
"49842",71,70,2,50,"4",TRUE
"49865",71,71,2,5,"4",TRUE
"49874",62,62,2,9,"4",TRUE
"49890",63,62,2,48,"4",TRUE
"49911",58,58,2,34,"4",TRUE
"49925",77,77,2,5,"4",TRUE
"49946",65,65,2,2,"4",TRUE
"49949",71,70,2,40,"4",TRUE
"49953",73,72,2,49,"4",TRUE
"49959",57,57,2,11,"4",TRUE
"49977",69,68,2,41,"4",TRUE
"49988",55,55,2,25,"4",TRUE
"50038",NA,78,1,178,"3A",FALSE
"50050",57,57,2,13,"4",TRUE
"50067",47,46,2,32,"4",TRUE
"50078",NA,83,1,175,"4",TRUE
"50099",65,65,2,10,"2B",FALSE
"50133",63,63,2,21,"4",TRUE
"50143",NA,79,1,174,"2A",FALSE
"50164",74,74,2,4,"4",TRUE
"50166",67,67,2,37,"4",TRUE
"50170",77,77,2,12,"4",TRUE
"50175",70,70,2,24,"4",TRUE
"50192",48,47,2,49,"4",TRUE
"50194",67,67,2,9,"4",TRUE
"50228",67,67,2,6,"4",TRUE
"50233",NA,58,1,180,"4",TRUE
"50247",67,67,2,32,"3A",FALSE
"50277",57,56,2,21,"4",TRUE
"50371",NA,65,1,172,"3A",FALSE
"50386",54,53,2,90,"4",TRUE
"50392",60,59,2,53,"4",TRUE
"50407",70,69,2,40,"3A",FALSE
"50410",81,80,2,9,"4",TRUE
"50471",NA,81,1,171,"3A",FALSE
"50472",69,67,2,113,"3A",FALSE
"50474",71,71,2,4,"4",TRUE
"50481",48,48,2,8,"4",TRUE
"50519",NA,62,1,171,"2A",FALSE
"50528",73,72,2,64,"4",TRUE
"50530",NA,42,1,171,"4",TRUE
"50579",67,66,2,20,"4",TRUE
"50616",63,63,2,12,"4",TRUE
"50669",46,45,2,11,"4",TRUE
"50675",74,74,2,14,"4",TRUE
"50682",61,59,2,74,"3A",FALSE
"50694",52,51,2,59,"4",TRUE
"50698",68,67,2,27,"4",TRUE
"50733",74,74,2,3,"4",TRUE
"50737",73,71,2,96,"2A",FALSE
"50758",75,75,2,12,"4",TRUE
"50763",66,66,2,1,"2B",FALSE
"50768",70,70,2,17,"4",TRUE
"50778",71,71,2,10,"4",TRUE
"50783",NA,54,1,169,"3A",FALSE
"50808",63,63,2,14,"4",TRUE
"50839",NA,55,1,168,"4",TRUE
"50845",72,72,2,3,"4",TRUE
"50857",86,86,2,4,"4",TRUE
"50868",75,74,2,79,"3A",FALSE
"50906",NA,61,1,166,"3A",FALSE
"50945",73,73,2,13,"4",TRUE
"50951",NA,76,1,166,"3A",FALSE
"50955",62,62,2,1,"4",TRUE
"50956",73,73,2,6,"4",TRUE
"50961",62,62,2,11,"4",TRUE
"50982",82,82,2,19,"4",TRUE
"51033",77,77,2,7,"4",TRUE
"51035",NA,70,1,166,"3A",FALSE
"51064",NA,78,1,167,"2B",FALSE
"51076",87,86,2,7,"3A",FALSE
"51092",80,80,2,4,"4",TRUE
"51103",73,73,2,31,"4",TRUE
"51111",NA,73,1,170,"2A",FALSE
"51114",80,79,2,33,"4",TRUE
"51116",67,67,2,18,"4",TRUE
"51206",66,66,2,19,"4",TRUE
"51212",69,68,2,39,"3A",FALSE
"51239",70,67,2,133,"4",TRUE
"51281",73,73,2,10,"4",TRUE
"51286",63,62,2,56,"3A",FALSE
"51290",60,60,2,3,"4",TRUE
"51293",NA,71,1,163,"2A",FALSE
"51318",72,72,2,5,"4",TRUE
"51355",61,61,2,6,"4",TRUE
"51378",63,62,2,10,"4",TRUE
"51409",NA,62,1,155,"2A",FALSE
"51420",NA,50,1,161,"4",TRUE
"51450",NA,70,1,161,"3A",FALSE
"51470",70,70,2,5,"4",TRUE
"51506",64,64,2,9,"4",TRUE
"51549",75,75,2,3,"4",TRUE
"51647",81,81,2,5,"4",TRUE
"51660",78,78,2,3,"4",TRUE
"51668",69,68,2,38,"4",TRUE
"51669",69,68,2,42,"4",TRUE
"51687",77,75,2,127,"4",TRUE
"51690",73,72,2,27,"4",TRUE
"51691",74,73,2,83,"4",TRUE
"51709",NA,56,1,158,"3A",FALSE
"51714",69,68,2,29,"4",TRUE
"51717",78,78,2,5,"4",TRUE
"51740",80,80,2,2,"4",TRUE
"51744",77,77,2,2,"4",TRUE
"51748",NA,42,1,160,"3A",FALSE
"51758",85,84,2,2,"4",TRUE
"51768",NA,63,1,163,"4",TRUE
"51777",73,73,2,34,"4",TRUE
"51796",NA,71,1,159,"3A",FALSE
"51803",80,80,2,2,"4",TRUE
"51830",NA,69,1,157,"4",TRUE
"51833",64,63,2,30,"4",TRUE
"51835",68,67,2,9,"4",TRUE
"51847",57,56,2,77,"2A",FALSE
"51851",54,54,2,10,"4",TRUE
"51869",NA,57,1,157,"2B",FALSE
"51881",61,61,2,25,"4",TRUE
"51921",71,70,2,24,"4",TRUE
"51929",NA,49,1,156,"2B",FALSE
"51932",80,80,2,17,"3A",FALSE
"51934",65,65,2,8,"4",TRUE
"51937",82,81,2,77,"4",TRUE
"51941",42,42,2,15,"4",TRUE
"51944",80,80,2,24,"4",TRUE
"51976",73,72,2,56,"4",TRUE
"52004",76,76,2,5,"4",TRUE
"52027",71,71,2,13,"3A",FALSE
"52038",72,71,2,27,"4",TRUE
"52045",83,83,2,4,"4",TRUE
"52102",70,69,2,28,"2B",FALSE
"52104",NA,71,1,156,"2A",FALSE
"52162",NA,66,1,158,"4",TRUE
"52163",60,60,2,3,"4",TRUE
"52201",57,57,2,11,"2B",FALSE
"52220",62,61,2,26,"3A",FALSE
"52221",75,74,2,55,"3A",FALSE
"52244",71,71,2,6,"4",TRUE
"52257",79,79,2,6,"4",TRUE
"52262",68,66,2,84,"4",TRUE
"52268",86,86,2,16,"4",TRUE
"52287",64,62,2,100,"4",TRUE
"52291",NA,57,1,154,"2A",FALSE
"52302",62,62,2,14,"4",TRUE
"52304",82,81,2,41,"4",TRUE
"52317",72,72,2,16,"4",TRUE
"52334",NA,69,1,153,"2B",FALSE
"52355",NA,73,1,155,"3A",FALSE
"52429",NA,43,1,154,"4",TRUE
"52434",66,66,2,1,"4",TRUE
"52447",NA,72,1,155,"3A",FALSE
"52509",65,63,2,78,"3A",FALSE
"52565",55,54,2,8,"4",TRUE
"52566",69,69,2,0,"3A",FALSE
"52577",89,89,2,21,"4",TRUE
"52600",67,67,2,14,"3A",FALSE
"52656",73,73,2,10,"4",TRUE
"52660",52,52,2,4,"4",TRUE
"52672",63,62,2,24,"4",TRUE
"52686",75,74,2,20,"4",TRUE
"52688",60,60,2,9,"4",TRUE
"52694",NA,83,1,151,"3A",FALSE
"52711",60,60,2,11,"4",TRUE
"52717",63,63,2,31,"4",TRUE
"52747",67,65,2,110,"3A",FALSE
"52769",76,76,2,12,"4",TRUE
"52795",74,74,2,24,"3A",FALSE
"52823",77,77,2,3,"4",TRUE
"52844",NA,67,1,149,"4",TRUE
"52856",81,81,2,26,"2B",FALSE
"52864",63,62,2,46,"4",TRUE
"52911",64,64,2,4,"4",TRUE
"52957",NA,66,1,147,"4",TRUE
"52965",56,55,2,24,"3A",FALSE
"53032",76,74,2,58,"4",TRUE
"53043",39,39,2,1,"4",TRUE
"53047",86,86,2,13,"3A",FALSE
"53054",74,73,2,38,"4",TRUE
"53055",76,76,2,10,"4",TRUE
"53060",NA,54,1,146,"3A",FALSE
"53070",NA,72,1,146,"2B",FALSE
"53074",47,47,2,18,"4",TRUE
"53089",89,89,2,23,"4",TRUE
"53092",55,54,2,62,"4",TRUE
"53138",70,69,2,22,"4",TRUE
"53139",63,62,2,4,"4",TRUE
"53177",69,68,2,15,"4",TRUE
"53180",NA,73,1,145,"2B",FALSE
"53200",NA,71,1,145,"2B",FALSE
"53201",64,64,2,19,"4",TRUE
"53211",73,73,2,32,"3A",FALSE
"53269",67,67,2,11,"4",TRUE
"53297",69,69,2,9,"4",TRUE
"53319",52,51,2,32,"3A",FALSE
"53345",62,61,2,29,"4",TRUE
"53346",70,70,2,5,"4",TRUE
"53358",59,59,2,3,"4",TRUE
"53374",NA,50,1,144,"3A",FALSE
"53404",NA,69,1,145,"3A",FALSE
"53412",87,85,2,116,"2A",FALSE
"53426",79,78,2,23,"4",TRUE
"53438",NA,76,1,152,"4",TRUE
"53452",75,75,2,12,"4",TRUE
"53461",49,49,2,2,"4",TRUE
"53487",77,77,2,0,"4",TRUE
"53499",67,66,2,15,"2A",FALSE
"53506",68,67,2,29,"3A",FALSE
"53522",66,66,2,5,"4",TRUE
"53526",NA,53,1,142,"3A",FALSE
"53538",65,64,2,47,"4",TRUE
"53543",49,48,2,32,"4",TRUE
"53624",74,74,2,23,"4",TRUE
"53631",NA,82,1,141,"2B",FALSE
"53638",NA,72,1,142,"2A",FALSE
"53652",62,61,2,7,"4",TRUE
"53676",89,89,2,4,"3A",FALSE
"53686",NA,82,1,139,"3A",FALSE
"53712",NA,77,1,139,"2A",FALSE
"53716",NA,71,1,139,"2A",FALSE
"53748",52,51,2,33,"3A",FALSE
"53775",68,67,2,26,"4",TRUE
"53778",83,83,2,9,"4",TRUE
"53810",NA,58,1,141,"3A",FALSE
"53817",90,90,2,8,"4",TRUE
"53875",64,63,2,8,"2B",FALSE
"53906",90,90,2,3,"4",TRUE
"53913",NA,52,1,178,"4",TRUE
"53916",82,81,2,20,"2A",FALSE
"54003",78,77,2,27,"4",TRUE
"54031",NA,62,1,170,"4",TRUE
"54055",63,63,2,10,"3A",FALSE
"54067",96,95,2,89,"4",TRUE
"54075",75,74,2,36,"3A",FALSE
"54119",NA,57,1,159,"3A",FALSE
"54160",NA,67,1,122,"3A",FALSE
"54189",70,69,2,24,"4",TRUE
"54197",NA,76,1,129,"2A",FALSE
"54205",83,82,2,20,"4",TRUE
"54221",88,88,2,14,"4",TRUE
"54242",75,74,2,29,"4",TRUE
"54290",82,82,2,3,"4",TRUE
"54349",NA,64,1,91,"4",TRUE
"54357",60,60,2,7,"4",TRUE
"54379",87,86,2,38,"4",TRUE
"54396",69,67,2,80,"4",TRUE
"54408",45,44,2,48,"4",TRUE
"54434",NA,77,1,107,"2A",FALSE
"54440",79,79,2,19,"4",TRUE
"54449",NA,68,1,135,"2B",FALSE
"54451",80,80,2,2,"4",TRUE
"54474",74,74,2,35,"4",TRUE
"54476",77,76,2,33,"4",TRUE
"54488",88,88,2,2,"2B",FALSE
"54494",82,82,2,16,"3A",FALSE
"54518",72,72,2,17,"4",TRUE
"54554",72,72,2,16,"4",TRUE
"54565",NA,60,1,114,"3A",FALSE
"54577",NA,79,1,121,"4",TRUE
"54596",71,70,2,36,"2B",FALSE
"54642",67,66,2,34,"3A",FALSE
"54676",79,77,2,78,"4",TRUE
"54691",NA,60,1,103,"4",TRUE
"54695",60,59,2,56,"2A",FALSE
"54708",80,80,2,46,"2A",FALSE
"54751",70,70,2,20,"4",TRUE
"54768",70,70,2,5,"4",TRUE
"54776",79,79,2,20,"4",TRUE
"54789",83,82,2,50,"4",TRUE
"54806",72,70,2,84,"4",TRUE
"54874",NA,71,1,94,"4",TRUE
"54883",NA,67,1,101,"3A",FALSE
"54893",84,84,2,13,"4",TRUE
"54919",NA,73,1,127,"4",TRUE
"54931",76,76,2,25,"2B",FALSE
"54938",84,83,2,53,"3A",FALSE
"54967",77,77,2,7,"4",TRUE
"54985",47,46,2,45,"4",TRUE
"54990",65,65,2,10,"4",TRUE
"55010",NA,83,1,98,"3A",FALSE
"55020",60,60,2,8,"4",TRUE
"55083",NA,73,1,90,"3A",FALSE
"55092",NA,78,1,121,"2B",FALSE
"55094",87,87,2,10,"2A",FALSE
"55095",88,88,2,5,"4",TRUE
"55119",61,61,2,28,"2A",FALSE
"55124",68,68,2,6,"4",TRUE
"55154",81,81,2,5,"4",TRUE
"55166",70,68,2,95,"3A",FALSE
"55182",80,80,2,15,"4",TRUE
"55212",NA,67,1,87,"2A",FALSE
"55221",70,70,2,5,"4",TRUE
"55234",76,75,2,27,"3A",FALSE
"55239",NA,62,1,97,"2A",FALSE
"55260",NA,81,1,129,"4",TRUE
"55294",67,67,2,13,"4",TRUE
"55299",NA,69,1,104,"4",TRUE
"55322",88,88,2,18,"4",TRUE
"55323",NA,76,1,93,"3A",FALSE
"55336",61,60,2,13,"4",TRUE
"55344",NA,76,1,95,"4",TRUE
"55346",81,80,2,26,"4",TRUE
"55383",81,80,2,40,"4",TRUE
"55411",63,62,2,5,"4",TRUE
"55467",71,70,2,41,"2A",FALSE
"55532",67,66,2,54,"4",TRUE
"55541",73,72,2,84,"4",TRUE
"55562",49,49,2,16,"4",TRUE
"55576",79,79,2,2,"4",TRUE
"55584",NA,73,1,138,"2B",FALSE
"55613",76,75,2,46,"3A",FALSE
"55623",73,73,2,16,"4",TRUE
"55633",67,67,2,11,"4",TRUE
"55652",69,69,2,10,"4",TRUE
"55657",88,86,2,95,"2A",FALSE
"55674",88,85,2,106,"2A",FALSE
"55707",NA,64,1,136,"4",TRUE
"55709",NA,67,1,136,"2A",FALSE
"55723",NA,53,1,134,"3A",FALSE
"55736",59,58,2,28,"4",TRUE
"55739",NA,82,1,135,"4",TRUE
"55761",72,71,2,89,"3A",FALSE
"55768",77,77,2,8,"4",TRUE
"55774",NA,67,1,134,"3A",FALSE
"55802",66,65,2,55,"3A",FALSE
"55810",67,65,2,90,"4",TRUE
"55817",70,70,2,13,"4",TRUE
"55872",68,67,2,45,"3A",FALSE
"55874",56,55,2,55,"4",TRUE
"55885",76,76,2,8,"2B",FALSE
"55939",74,74,2,35,"4",TRUE
"55942",NA,55,1,132,"2A",FALSE
"55945",91,90,2,9,"3A",FALSE
"55954",NA,63,1,132,"3A",FALSE
"55961",63,63,2,16,"4",TRUE
"55966",NA,65,1,134,"3A",FALSE
"55981",61,61,2,10,"4",TRUE
"56013",62,62,2,7,"4",TRUE
"56020",NA,84,1,133,"2B",FALSE
"56061",NA,66,1,136,"2A",FALSE
"56075",NA,65,1,131,"4",TRUE
"56099",NA,85,1,133,"3A",FALSE
"56105",64,63,2,11,"4",TRUE
"56126",NA,66,1,134,"2B",FALSE
"56128",81,81,2,3,"4",TRUE
"56149",67,67,2,26,"4",TRUE
"56170",76,75,2,22,"4",TRUE
"56175",66,66,2,8,"4",TRUE
"56183",77,77,2,1,"4",TRUE
"56192",NA,70,1,103,"2B",FALSE
"56204",81,80,2,16,"4",TRUE
"56229",59,59,2,5,"2B",FALSE
"56278",54,53,2,35,"4",TRUE
"56316",81,80,2,39,"2B",FALSE
"56330",69,69,2,9,"4",TRUE
"56354",58,57,2,19,"4",TRUE
"56360",67,67,2,9,"4",TRUE
"56367",65,65,2,13,"4",TRUE
"56412",69,69,2,32,"4",TRUE
"56429",77,77,2,6,"4",TRUE
"56434",73,73,2,12,"4",TRUE
"56449",63,63,2,8,"4",TRUE
"56456",68,68,2,14,"4",TRUE
"56505",63,63,2,4,"4",TRUE
"56552",84,83,2,31,"4",TRUE
"56561",62,62,2,23,"4",TRUE
"56568",60,60,2,23,"4",TRUE
"56690",72,70,2,86,"3A",FALSE
"56732",NA,67,1,124,"2A",FALSE
"56754",74,74,2,6,"4",TRUE
"56777",61,61,2,11,"4",TRUE
"56785",68,68,2,21,"2B",FALSE
"56796",67,67,2,15,"3A",FALSE
"56802",62,61,2,11,"4",TRUE
"56813",56,56,2,35,"4",TRUE
"56826",58,57,2,14,"4",TRUE
"56828",73,72,2,58,"2B",FALSE
"56829",67,67,2,11,"4",TRUE
"56844",NA,83,1,124,"4",TRUE
"56884",NA,52,1,127,"3A",FALSE
"56890",66,66,2,29,"4",TRUE
"56907",73,73,2,4,"4",TRUE
"56917",NA,54,1,124,"3A",FALSE
"56934",NA,60,1,123,"2A",FALSE
"56935",68,68,2,5,"4",TRUE
"56965",72,71,2,6,"4",TRUE
"56968",72,72,2,21,"4",TRUE
"56972",50,50,2,26,"4",TRUE
"56974",67,67,2,7,"2B",FALSE
"56987",66,65,2,32,"4",TRUE
"56995",73,73,2,42,"4",TRUE
"57010",86,86,2,10,"3A",FALSE
"57019",72,71,2,36,"2B",FALSE
"57086",68,68,2,0,"3A",FALSE
"57091",NA,67,1,121,"4",TRUE
"57094",NA,73,1,119,"2A",FALSE
"57128",78,77,2,48,"2B",FALSE
"57134",64,63,2,42,"4",TRUE
"57159",68,68,2,15,"4",TRUE
"57177",52,51,2,61,"4",TRUE
"57218",72,71,2,52,"4",TRUE
"57282",37,37,2,16,"4",TRUE
"57312",71,71,2,1,"4",TRUE
"57346",71,71,2,2,"4",TRUE
"57370",68,67,2,27,"4",TRUE
"57383",67,67,2,6,"4",TRUE
"57392",53,53,2,12,"4",TRUE
"57406",75,74,2,46,"2B",FALSE
"57491",NA,67,1,100,"3A",FALSE
"57520",69,67,2,78,"3A",FALSE
"57589",68,67,2,52,"4",TRUE
"57599",40,40,2,32,"4",TRUE
"57621",NA,66,1,116,"2B",FALSE
"57646",78,78,2,11,"4",TRUE
"57660",66,65,2,16,"4",TRUE
"57670",57,57,2,28,"4",TRUE
"57674",73,72,2,34,"4",TRUE
"57675",NA,62,1,116,"2B",FALSE
"57706",61,60,2,45,"4",TRUE
"57747",79,79,2,32,"4",TRUE
"57788",65,65,2,1,"4",TRUE
"57802",77,77,2,41,"3A",FALSE
"57806",52,51,2,57,"4",TRUE
"57807",NA,75,1,115,"2B",FALSE
"57819",81,80,2,27,"4",TRUE
"57865",NA,59,1,119,"2A",FALSE
"57875",80,80,2,7,"4",TRUE
"57902",48,48,2,11,"4",TRUE
"57903",65,65,2,27,"4",TRUE
"57914",NA,59,1,116,"3A",FALSE
"57935",48,48,2,14,"4",TRUE
"57961",70,69,2,39,"4",TRUE
"57973",61,61,2,7,"4",TRUE
"57984",66,66,2,17,"4",TRUE
"58000",59,59,2,7,"4",TRUE
"58003",73,72,2,64,"3A",FALSE
"58041",NA,51,1,113,"3A",FALSE
"58109",NA,61,1,111,"4",TRUE
"58121",63,63,2,14,"4",TRUE
"58144",67,66,2,16,"4",TRUE
"58150",71,71,2,23,"3A",FALSE
"58154",85,85,2,18,"4",TRUE
"58212",57,57,2,18,"4",TRUE
"58223",NA,54,1,110,"2A",FALSE
"58225",NA,62,1,109,"3A",FALSE
"58255",NA,64,1,110,"3A",FALSE
"58303",65,64,2,29,"4",TRUE
"58305",65,64,2,43,"4",TRUE
"58358",NA,76,1,111,"2B",FALSE
"58369",NA,53,1,109,"4",TRUE
"58379",76,76,2,22,"4",TRUE
"58398",68,66,2,69,"2A",FALSE
"58405",58,58,2,18,"4",TRUE
"58446",NA,72,1,110,"3A",FALSE
"58455",NA,42,1,109,"3A",FALSE
"58457",75,74,2,8,"4",TRUE
"58489",62,61,2,48,"4",TRUE
"58494",61,61,2,21,"4",TRUE
"58575",NA,67,1,108,"2B",FALSE
"58577",71,70,2,25,"4",TRUE
"58585",75,74,2,34,"4",TRUE
"58604",NA,71,1,106,"3A",FALSE
"58616",NA,60,1,110,"3A",FALSE
"58628",79,78,2,15,"4",TRUE
"58680",71,71,2,16,"4",TRUE
"58699",NA,58,1,106,"3A",FALSE
"58703",69,68,2,47,"3A",FALSE
"58715",63,62,2,15,"4",TRUE
"58737",67,67,2,8,"4",TRUE
"58759",NA,65,1,105,"3A",FALSE
"58794",73,72,2,70,"4",TRUE
"58840",74,73,2,47,"4",TRUE
"58841",NA,75,1,105,"3A",FALSE
"58859",56,55,2,28,"4",TRUE
"58868",NA,64,1,104,"2B",FALSE
"58874",NA,72,1,105,"2B",FALSE
"58883",65,64,2,43,"4",TRUE
"58888",62,62,2,33,"4",TRUE
"58902",72,72,2,4,"4",TRUE
"58910",62,62,2,22,"4",TRUE
"58919",NA,75,1,105,"2B",FALSE
"58963",NA,73,1,102,"3A",FALSE
"58982",72,71,2,35,"4",TRUE
"59021",79,79,2,4,"4",TRUE
"59022",59,58,2,47,"3A",FALSE
"59036",85,84,2,34,"3A",FALSE
"59050",54,54,2,9,"4",TRUE
"59097",NA,63,1,104,"3A",FALSE
"59132",NA,78,1,102,"4",TRUE
"59177",50,50,2,23,"4",TRUE
"59189",61,60,2,40,"4",TRUE
"59197",65,64,2,67,"4",TRUE
"59222",68,68,2,20,"4",TRUE
"59227",71,70,2,25,"3A",FALSE
"59231",79,79,2,10,"4",TRUE
"59250",53,52,2,20,"4",TRUE
"59258",NA,61,1,100,"3A",FALSE
"59267",NA,69,1,101,"4",TRUE
"59294",61,60,2,30,"4",TRUE
"59318",NA,71,1,103,"2A",FALSE
"59326",69,69,2,23,"4",TRUE
"59330",57,57,2,9,"4",TRUE
"59338",79,79,2,7,"4",TRUE
"59340",79,79,2,23,"4",TRUE
"59350",NA,66,1,101,"3A",FALSE
"59360",84,84,2,35,"4",TRUE
"59380",62,61,2,52,"4",TRUE
"59415",76,75,2,37,"4",TRUE
"59429",68,66,2,70,"4",TRUE
"59451",66,66,2,1,"4",TRUE
"59473",64,64,2,25,"4",TRUE
"59498",NA,71,1,97,"4",TRUE
"59514",61,60,2,21,"4",TRUE
"59549",NA,69,1,100,"3A",FALSE
"59571",NA,78,1,96,"3A",FALSE
"59586",66,65,2,62,"4",TRUE
"59620",67,67,2,20,"4",TRUE
"59621",70,69,2,10,"4",TRUE
"59644",NA,84,1,97,"2B",FALSE
"59645",51,51,2,1,"4",TRUE
"59670",73,72,2,62,"4",TRUE
"59678",48,47,2,35,"3A",FALSE
"59693",NA,71,1,95,"4",TRUE
"59709",NA,66,1,96,"2A",FALSE
"59791",NA,61,1,95,"2B",FALSE
"59828",71,71,2,20,"4",TRUE
"59857",67,66,2,28,"4",TRUE
"59872",72,71,2,62,"4",TRUE
"59891",NA,74,1,94,"2B",FALSE
"59904",60,59,2,31,"4",TRUE
"59927",NA,54,1,94,"4",TRUE
"59928",NA,70,1,96,"3A",FALSE
"59961",63,62,2,34,"4",TRUE
"59984",82,82,2,3,"4",TRUE
"59993",65,64,2,50,"3A",FALSE
"60009",64,64,2,10,"4",TRUE
"60042",76,75,2,53,"4",TRUE
"60059",54,54,2,3,"4",TRUE
"60065",81,81,2,1,"2B",FALSE
"60155",81,81,2,28,"3A",FALSE
"60174",56,55,2,47,"2B",FALSE
"60176",NA,54,1,91,"4",TRUE
"60187",61,61,2,2,"4",TRUE
"60196",88,87,2,26,"4",TRUE
"60197",NA,62,1,91,"2A",FALSE
"60208",73,72,2,40,"4",TRUE
"60232",65,65,2,8,"4",TRUE
"60260",74,74,2,3,"4",TRUE
"60269",NA,75,1,89,"4",TRUE
"60278",73,73,2,6,"4",TRUE
"60317",71,71,2,2,"4",TRUE
"60325",65,65,2,6,"4",TRUE
"60335",62,61,2,29,"4",TRUE
"60366",NA,58,1,90,"4",TRUE
"60368",68,67,2,31,"4",TRUE
"60370",76,76,2,13,"4",TRUE
"60393",87,87,2,1,"4",TRUE
"60400",NA,76,1,87,"3A",FALSE
"60418",68,67,2,47,"3A",FALSE
"60449",NA,60,1,87,"3A",FALSE
"60451",72,71,2,68,"2A",FALSE
"60467",NA,46,1,87,"2A",FALSE
"60471",NA,53,1,87,"3A",FALSE
"60504",NA,68,1,88,"4",TRUE
"60508",61,61,2,33,"4",TRUE
"60516",NA,66,1,86,"3A",FALSE
"60534",60,59,2,22,"4",TRUE
"60536",NA,71,1,86,"2B",FALSE
"60560",55,55,2,10,"4",TRUE
"60629",83,82,2,51,"2B",FALSE
"60668",NA,76,1,136,"2B",FALSE
"60686",NA,50,1,88,"4",TRUE
"60695",72,71,2,15,"4",TRUE
"60740",64,64,2,8,"4",TRUE
"60743",73,73,2,12,"4",TRUE
"60755",NA,79,1,113,"2B",FALSE
"60765",NA,60,1,133,"4",TRUE
"60792",74,74,2,2,"4",TRUE
"60800",59,58,2,18,"4",TRUE
"60809",73,73,2,5,"4",TRUE
"60822",78,77,2,23,"4",TRUE
"60824",70,70,2,3,"4",TRUE
"60829",NA,66,1,112,"3A",FALSE
"60833",NA,63,1,95,"3A",FALSE
"60855",NA,68,1,86,"3A",FALSE
"60870",65,65,2,38,"4",TRUE
"60892",81,81,2,15,"4",TRUE
"60902",82,81,2,51,"2B",FALSE
"60937",69,68,2,12,"4",TRUE
"60956",87,87,2,5,"4",TRUE
"60962",86,85,2,46,"4",TRUE
"60966",83,83,2,25,"3A",FALSE
"60985",NA,71,1,73,"2A",FALSE
"61019",63,63,2,11,"4",TRUE
"61036",NA,56,1,79,"4",TRUE
"61066",NA,84,1,73,"3A",FALSE
"61084",NA,77,1,83,"3A",FALSE
"61098",NA,70,1,80,"2B",FALSE
"61128",NA,73,1,51,"2A",FALSE
"61134",70,69,2,8,"3A",FALSE
"61158",NA,73,1,84,"2B",FALSE
"61172",66,66,2,26,"4",TRUE
"61192",77,76,2,55,"4",TRUE
"61217",78,78,2,29,"4",TRUE
"61219",70,70,2,10,"4",TRUE
"61294",NA,75,1,84,"2B",FALSE
"61304",NA,31,1,83,"4",TRUE
"61319",NA,79,1,84,"2B",FALSE
"61321",74,72,2,56,"3A",FALSE
"61328",77,77,2,5,"4",TRUE
"61364",NA,75,1,83,"4",TRUE
"61379",NA,60,1,83,"2A",FALSE
"61406",72,72,2,15,"4",TRUE
"61423",NA,71,1,82,"3A",FALSE
"61431",74,74,2,7,"4",TRUE
"61441",NA,70,1,83,"3A",FALSE
"61495",81,81,2,14,"4",TRUE
"61510",NA,40,1,79,"4",TRUE
"61556",47,47,2,27,"4",TRUE
"61573",NA,70,1,78,"2A",FALSE
"61629",NA,61,1,76,"4",TRUE
"61635",66,66,2,2,"4",TRUE
"61643",65,64,2,31,"4",TRUE
"61649",71,70,2,23,"2B",FALSE
"61720",NA,66,1,75,"3A",FALSE
"61741",83,82,2,10,"4",TRUE
"61775",NA,80,1,72,"2A",FALSE
"61807",61,60,2,32,"4",TRUE
"61838",NA,78,1,74,"2A",FALSE
"61857",NA,70,1,73,"3A",FALSE
"61875",NA,34,1,74,"4",TRUE
"61884",67,67,2,7,"4",TRUE
"61918",75,75,2,5,"4",TRUE
"61978",60,60,2,12,"4",TRUE
"61979",70,70,2,7,"4",TRUE
"62005",NA,49,1,67,"4",TRUE
"62009",72,72,2,15,"4",TRUE
"62018",NA,81,1,68,"4",TRUE
"62027",60,60,2,19,"4",TRUE
"62028",NA,63,1,66,"3A",FALSE
"62032",69,68,2,8,"4",TRUE
"62099",NA,59,1,64,"2A",FALSE
"62106",59,59,2,20,"4",TRUE
"62120",84,84,2,11,"4",TRUE
"62125",69,69,2,16,"4",TRUE
"62166",44,43,2,7,"4",TRUE
"62168",62,62,2,4,"4",TRUE
"62179",77,76,2,33,"4",TRUE
"62223",59,58,2,23,"4",TRUE
"62240",74,74,2,30,"4",TRUE
"62244",NA,67,1,58,"4",TRUE
"62249",NA,52,1,61,"3A",FALSE
"62325",NA,68,1,56,"3A",FALSE
"62335",NA,77,1,57,"2A",FALSE
"62354",62,61,2,36,"4",TRUE
"62362",NA,55,1,55,"2A",FALSE
"62368",70,69,2,40,"4",TRUE
"62369",NA,79,1,54,"4",TRUE
"62445",55,55,2,14,"4",TRUE
"62451",NA,72,1,51,"3A",FALSE
"62460",61,60,2,24,"4",TRUE
"62466",NA,63,1,50,"4",TRUE
"62513",NA,64,1,45,"4",TRUE
"62550",NA,67,1,64,"2B",FALSE
"62583",NA,73,1,43,"4",TRUE
"62631",NA,71,1,14,"4",TRUE
